horizon,corridor,method,split,eligible_days,signal_count,target_positives,signal_hit_rate,random_hit_rate,freq_matched_hit_rate,lift,lift_freq_matched,bps_forward,signals_per_week,cluster_share,brier_score,lift_ci_low,lift_ci_high,bps_ci_low,bps_ci_high,selected_rule,cooldown_prints
5,RUB->AMD,indicator_search,wf_2022,247,26,72,0.23076923076923078,0.291497975708502,0.31230769230769234,0.7916666666666667,0.7389162561576355,25.65040733028931,0.5141242937853108,0.0,,0.3835255067648899,1.4978994918125343,-172.98211472292436,306.14747586987136,or__level__pct_w250_p10__oversold__stoch_w60_p20,1
5,RUB->KGS,indicator_search,wf_2022,247,33,65,0.12121212121212122,0.2631578947368421,0.25212121212121213,0.46060606060606063,0.4807692307692308,20.130864786704826,0.652542372881356,0.0,,0.10252787412682003,1.1768030753968248,-135.9247711162901,255.22228035743063,or__level__pct_w250_p10__oversold__stoch_w60_p20,1
5,RUB->KZT,indicator_search,wf_2022,247,40,64,0.225,0.2591093117408907,0.247,0.868359375,0.9109311740890689,-81.26015753945714,0.7909604519774012,0.0,,0.3888133383010433,1.4915458937198067,-208.48225691840835,48.66797830638169,or__level__pct_w250_p10__oversold__stoch_w60_p20,1
5,RUB->TJS,indicator_search,wf_2022,247,28,77,0.14285714285714285,0.3117408906882591,0.30357142857142855,0.4582560296846011,0.47058823529411764,-64.73362996062407,0.5536723163841808,0.0,,0.12647761194029852,1.1244092611508347,-242.379243430514,280.73015786902914,or__level__pct_w250_p10__oversold__stoch_w60_p20,1
5,RUB->UZS,indicator_search,wf_2022,247,35,65,0.08571428571428572,0.2631578947368421,0.25085714285714283,0.32571428571428573,0.34168564920273353,-94.25665931907575,0.692090395480226,0.0,,0.08319883198562443,0.8144337896448901,-222.60229591576567,123.75934274487697,or__level__pct_w250_p10__oversold__stoch_w60_p20,1
5,RUB->AMD,indicator_search,wf_2023,247,44,95,0.3409090909090909,0.38461538461538464,0.3881818181818182,0.8863636363636362,0.8782201405152225,-3.307326548601513,0.8700564971751413,0.0,,0.5716340303852038,1.1883551577603995,-52.87426055276458,55.27361412662238,or__momentum__ret_h20_w60_p20__relative__eur_ret_1_w120_p10,1
5,RUB->KGS,indicator_search,wf_2023,247,43,94,0.37209302325581395,0.3805668016194332,0.3776744186046512,0.9777337951509154,0.9852216748768472,2.854032610423246,0.8502824858757062,0.0,,0.6947701556099641,1.2548987702903571,-28.7754839965147,54.66432590325665,or__momentum__ret_h20_w60_p20__relative__eur_ret_1_w120_p10,1
5,RUB->KZT,indicator_search,wf_2023,247,43,89,0.3023255813953488,0.3603238866396761,0.3651162790697675,0.8390384112882152,0.8280254777070062,42.61452487019153,0.8502824858757062,0.0,,0.5372958830812851,1.133965869939707,-0.399653987021266,93.76927498228024,or__momentum__ret_h20_w60_p20__relative__eur_ret_1_w120_p10,1
5,RUB->TJS,indicator_search,wf_2023,247,41,94,0.34146341463414637,0.3805668016194332,0.3556097560975609,0.8972496107939804,0.9602194787379975,2.955957180616937,0.8107344632768362,0.0,,0.5289464109361194,1.2440975407016739,-41.14183619167818,52.86088968569375,or__momentum__ret_h20_w60_p20__relative__eur_ret_1_w120_p10,1
5,RUB->UZS,indicator_search,wf_2023,247,43,95,0.4883720930232558,0.38461538461538464,0.37860465116279074,1.269767441860465,1.2899262899262898,21.61311706319052,0.8502824858757062,0.0,,0.9519567832635623,1.5344012034161487,-21.791772769514388,77.87570483387202,or__momentum__ret_h20_w60_p20__relative__eur_ret_1_w120_p10,1
5,RUB->AMD,indicator_search,wf_2024,248,14,88,0.21428571428571427,0.3548387096774194,0.37,0.6038961038961038,0.5791505791505791,-14.765894699062665,0.2768361581920904,0.0,,0.0,1.591666666666665,-165.4929115510929,161.63788177330898,vote2__top3,3
5,RUB->KGS,indicator_search,wf_2024,248,16,93,0.375,0.375,0.36125,1.0,1.0380622837370241,48.08553933702799,0.3163841807909605,0.0,,0.44322327714956267,1.639482705441727,-41.67818677463975,117.020484799431,vote2__top3,3
5,RUB->KZT,indicator_search,wf_2024,248,17,67,0.23529411764705882,0.2701612903225806,0.2882352941176471,0.8709394205443372,0.8163265306122448,-51.941936617705764,0.3361581920903955,0.0,,0.20365488576091392,1.8611923076923065,-131.1541525237323,29.75523517777482,vote2__top3,3
5,RUB->TJS,indicator_search,wf_2024,248,16,88,0.4375,0.3548387096774194,0.3275,1.2329545454545454,1.3358778625954197,-12.08512575082663,0.3163841807909605,0.0,,0.6886996336996337,2.1166537140478088,-100.8937388306887,48.39857755798315,vote2__top3,3
5,RUB->UZS,indicator_search,wf_2024,248,20,83,0.4,0.3346774193548387,0.314,1.1951807228915663,1.2738853503184715,33.809211834041065,0.3954802259887006,0.0,,0.611064186358304,1.9388784029038106,-45.34886816845643,124.18808484055711,vote2__top3,3
5,RUB->AMD,indicator_search,wf_2025,161,55,32,0.2,0.19875776397515527,0.1996363636363636,1.00625,1.0018214936247725,-20.74326446396518,1.6594827586206895,0.0,,0.8668897849462367,1.2658560416545896,-55.59642947613963,12.857097189145028,or__level__z_sma_w120_m0p5__momentum__ret_h10_w120_p20,1
5,RUB->KGS,indicator_search,wf_2025,161,59,28,0.15254237288135594,0.17391304347826086,0.17355932203389832,0.8771186440677967,0.87890625,-32.899588093204486,1.7801724137931032,0.0,,0.5896190851163969,1.16430139426173,-77.99927836087424,5.080754676697329,or__level__z_sma_w120_m0p5__momentum__ret_h10_w120_p20,1
5,RUB->KZT,indicator_search,wf_2025,161,62,27,0.22580645161290322,0.16770186335403728,0.16806451612903225,1.3464755077658301,1.3435700575815739,-33.50052344255658,1.8706896551724137,0.0,,1.0043449197860963,1.617328104277188,-56.831010650998465,-16.225932673873178,or__level__z_sma_w120_m0p5__momentum__ret_h10_w120_p20,1
5,RUB->TJS,indicator_search,wf_2025,161,42,48,0.23809523809523808,0.2981366459627329,0.29190476190476194,0.798611111111111,0.8156606851549754,-29.01839634438976,1.2672413793103448,0.0,,0.4064740877240877,1.1009902275156511,-90.7913330547607,20.424124746893483,or__level__z_sma_w120_m0p5__momentum__ret_h10_w120_p20,1
5,RUB->UZS,indicator_search,wf_2025,161,53,26,0.1509433962264151,0.16149068322981366,0.1652830188679245,0.9346879535558781,0.9132420091324202,-22.133833421995494,1.5991379310344827,0.0,,0.6088851387549555,1.313414995128356,-62.80668649815812,16.550503834012257,or__level__z_sma_w120_m0p5__momentum__ret_h10_w120_p20,1
5,RUB->AMD,indicator_search,confirmation,243,35,74,0.14285714285714285,0.3045267489711934,0.3028571428571428,0.46911196911196906,0.4716981132075472,-19.382621999380724,0.6843575418994413,0.0,,0.1946882476076555,0.914534581738655,-62.35975931647434,27.18149483268522,or__oversold__rsi_w10_p40__level__near_min_w120_bp10,1
5,RUB->KGS,indicator_search,confirmation,243,39,70,0.1282051282051282,0.2880658436213992,0.3046153846153846,0.445054945054945,0.42087542087542085,-29.86941682756278,0.7625698324022346,0.0,,0.1728409090909091,0.8466991186718589,-72.09082494855491,17.031477184486924,or__oversold__rsi_w10_p40__level__near_min_w120_bp10,1
5,RUB->KZT,indicator_search,confirmation,243,32,80,0.1875,0.3292181069958848,0.348125,0.56953125,0.5385996409335727,-34.29817499052757,0.6256983240223464,0.0,,0.23008293046239478,1.125,-80.29626063953532,28.08493932870422,or__oversold__rsi_w10_p40__level__near_min_w120_bp10,1
5,RUB->TJS,indicator_search,confirmation,243,39,73,0.20512820512820512,0.3004115226337449,0.3174358974358974,0.6828240252897786,0.6462035541195477,-7.822470882017683,0.7625698324022346,0.0,,0.29926108374384236,1.1239616601922184,-56.42213464064749,43.41189618729418,or__oversold__rsi_w10_p40__level__near_min_w120_bp10,1
5,RUB->UZS,indicator_search,confirmation,243,36,83,0.25,0.34156378600823045,0.3427777777777778,0.7319277108433735,0.7293354943273905,0.6273868203555671,0.7039106145251396,0.0,,0.44180213903743315,1.24177581974135,-45.94142375262972,58.90043532379198,or__oversold__rsi_w10_p40__level__near_min_w120_bp10,1
