horizon,corridor,method,split,eligible_days,signal_count,target_positives,signal_hit_rate,random_hit_rate,freq_matched_hit_rate,lift,lift_freq_matched,bps_forward,value_observations,moment_advantage_bps,regret_observations,customer_regret_bps_mean,customer_regret_bps_max,customer_regret_cvar_95_bps,customer_regret_worst_five_mean_bps,useful_signals_per_week,useful_signals_per_100_weeks,eligible_weeks,pushes_per_week,pushes_p50_per_week,pushes_p90_per_week,zero_push_week_rate,over_budget_week_rate,cluster_rate,signals_per_week,cluster_share,lift_at_risk,indicator,label,evaluation_horizon
1,RUB->AMD,signal_momentum,oot,247,36,132,0.4444444444444444,0.5344129554655871,0.5516666666666666,0.8316498316498315,0.8056394763343404,-0.9859266232202669,36,21.549467080490025,36,32.57746365553593,139.40191143707813,128.49437506535332,106.15357081479847,0.3018867924528302,30.18867924528302,53,0.6792452830188679,0.0,2.0,0.6226415094339622,0.07547169811320754,0.5277777777777778,0.6792452830188679,0.5555555555555556,1.5459361801549425,signal_momentum,Правило: momentum,1
1,RUB->KGS,signal_momentum,oot,247,49,117,0.40816326530612246,0.47368421052631576,0.4779591836734694,0.8616780045351474,0.8539709649871904,-9.960011642311123,49,19.465037516694427,49,37.56232012219516,216.0669724618347,168.79659462954555,149.13137341688375,0.37735849056603776,37.735849056603776,53,0.9245283018867925,1.0,2.0,0.49056603773584906,0.09433962264150944,0.5714285714285714,0.9245283018867925,0.5918367346938775,1.4310099940854484,signal_momentum,Правило: momentum,1
1,RUB->KZT,signal_momentum,oot,247,27,142,0.4444444444444444,0.5748987854251012,0.5718518518518517,0.7730829420970265,0.7772020725388602,3.8063559925788555,27,26.184863480110952,27,37.193541739993336,141.61046148115642,140.102020659163,122.19588169054865,0.22641509433962262,22.641509433962263,53,0.5094339622641509,0.0,2.0,0.7169811320754716,0.05660377358490566,0.5185185185185185,0.5094339622641509,0.5555555555555556,1.4269329180934833,signal_momentum,Правило: momentum,1
1,RUB->TJS,signal_momentum,oot,247,41,125,0.43902439024390244,0.5060728744939271,0.5,0.8675121951219512,0.8780487804878049,-7.796904126822755,41,19.272382476914842,41,33.64047745864036,224.8756406081176,164.4761943809366,133.4485781441206,0.339622641509434,33.9622641509434,53,0.7735849056603774,0.0,2.0,0.5660377358490566,0.09433962264150944,0.5365853658536586,0.7735849056603774,0.5609756097560976,1.4809407496221991,signal_momentum,Правило: momentum,1
1,RUB->UZS,signal_momentum,oot,247,36,136,0.3333333333333333,0.5506072874493927,0.5705555555555556,0.6053921568627451,0.5842259006815969,-6.7701800447660565,36,21.397763689393084,36,41.65451339342688,206.83061374007661,189.27938027845204,140.23061799035563,0.22641509433962262,22.641509433962263,53,0.6792452830188679,0.0,2.8000000000000043,0.6981132075471698,0.11320754716981132,0.6388888888888888,0.6792452830188679,0.6666666666666666,1.2755929033159223,signal_momentum,Правило: momentum,1
5,RUB->AMD,signal_momentum,oot,243,36,74,0.2222222222222222,0.3045267489711934,0.3038888888888889,0.7297297297297297,0.7312614259597806,-13.43823283216703,36,70.09009653928076,36,134.06864454600048,338.4998373093606,333.96453789622416,322.68671908361796,0.15384615384615385,15.384615384615385,52,0.6923076923076923,0.0,2.0,0.6153846153846154,0.07692307692307693,0.5277777777777778,0.6923076923076923,0.5555555555555556,1.741346096811911,signal_momentum,Правило: momentum,5
5,RUB->KGS,signal_momentum,oot,243,49,70,0.24489795918367346,0.2880658436213992,0.2808163265306122,0.8501457725947521,0.872093023255814,-26.762975362297407,48,58.60379710262405,48,146.60306269598107,358.16211991074766,348.39072944106374,341.41606418889523,0.23076923076923075,23.076923076923077,52,0.9423076923076923,1.0,2.0,0.4807692307692308,0.09615384615384616,0.5714285714285714,0.9423076923076923,0.5918367346938775,1.7524180888015326,signal_momentum,Правило: momentum,5
5,RUB->KZT,signal_momentum,oot,243,27,80,0.2962962962962963,0.3292181069958848,0.32666666666666666,0.8999999999999999,0.9070294784580498,-16.169982365035278,27,79.67172005546917,27,142.3574624415539,515.6908914341907,503.76106245732853,457.57621606421316,0.15384615384615385,15.384615384615385,52,0.5192307692307693,0.0,2.0,0.7115384615384616,0.057692307692307696,0.5185185185185185,0.5192307692307693,0.5555555555555556,1.9422878655645817,signal_momentum,Правило: momentum,5
5,RUB->TJS,signal_momentum,oot,243,41,73,0.21951219512195122,0.3004115226337449,0.2936585365853659,0.7307049782826595,0.7475083056478404,-26.71142599718693,40,53.607154429296635,40,151.61930245653863,320.7102262950334,319.53702411556264,306.6840943765805,0.17307692307692307,17.307692307692307,52,0.7884615384615384,0.0,2.0,0.5576923076923077,0.09615384615384616,0.5365853658536586,0.7884615384615384,0.5609756097560976,1.7119373286024968,signal_momentum,Правило: momentum,5
5,RUB->UZS,signal_momentum,oot,243,36,83,0.25,0.34156378600823045,0.33388888888888885,0.7319277108433735,0.7487520798668886,-12.086287346554277,36,88.37180294453957,36,144.37353223061572,431.9934410508308,403.7678207731632,369.15597996629714,0.17307692307692307,17.307692307692307,52,0.6923076923076923,0.0,2.8999999999999986,0.6923076923076923,0.11538461538461539,0.6388888888888888,0.6923076923076923,0.6666666666666666,1.8160789558304051,signal_momentum,Правило: momentum,5
10,RUB->AMD,signal_momentum,oot,238,36,56,0.1388888888888889,0.23529411764705882,0.2544444444444445,0.5902777777777778,0.5458515283842794,-21.702555610619008,36,79.8803652216211,36,200.61917822898815,527.1672042368491,513.8720066954827,459.42048299060406,0.09803921568627452,9.803921568627452,51,0.7058823529411765,0.0,2.0,0.6078431372549019,0.0784313725490196,0.5277777777777778,0.7058823529411765,0.5555555555555556,2.6255137037996574,signal_momentum,Правило: momentum,10
10,RUB->KGS,signal_momentum,oot,238,48,53,0.14583333333333334,0.22268907563025211,0.22875,0.654874213836478,0.6375227686703097,-46.199086756845965,48,68.36209327268118,48,222.87182487768567,677.8323313759138,606.6504383442561,561.4899163822025,0.1372549019607843,13.72549019607843,51,0.9411764705882353,1.0,2.0,0.49019607843137253,0.09803921568627451,0.5833333333333334,0.9411764705882353,0.6041666666666666,2.2932370193988363,signal_momentum,Правило: momentum,10
10,RUB->KZT,signal_momentum,oot,238,27,65,0.18518518518518517,0.27310924369747897,0.27925925925925926,0.6780626780626781,0.6631299734748011,-32.47851871111594,27,75.22122268271151,27,235.23691391350258,731.3464665582603,707.9878975288567,654.0341823872841,0.09803921568627452,9.803921568627452,51,0.5294117647058824,0.0,2.0,0.7058823529411765,0.058823529411764705,0.5185185185185185,0.5294117647058824,0.5555555555555556,2.1774600313759933,signal_momentum,Правило: momentum,10
10,RUB->TJS,signal_momentum,oot,238,40,54,0.125,0.226890756302521,0.21650000000000003,0.5509259259259259,0.5773672055427251,-44.9008059684092,40,68.71446911899397,40,229.78767141908708,614.8436170682058,608.61289604334,545.5406825361905,0.09803921568627452,9.803921568627452,51,0.7843137254901961,0.0,2.0,0.5686274509803921,0.09803921568627451,0.55,0.7843137254901961,0.575,1.9864748532802994,signal_momentum,Правило: momentum,10
10,RUB->UZS,signal_momentum,oot,238,36,63,0.19444444444444445,0.2647058823529412,0.2827777777777778,0.7345679012345679,0.6876227897838899,-32.31769028007761,36,100.14857013846891,36,226.68263078432292,483.5854631609049,480.4257625075526,451.94075027207026,0.1372549019607843,13.72549019607843,51,0.7058823529411765,0.0,3.0,0.6862745098039216,0.11764705882352941,0.6388888888888888,0.7058823529411765,0.6666666666666666,4.012697159096884,signal_momentum,Правило: momentum,10
1,RUB->AMD,signal_level,oot,247,42,132,0.47619047619047616,0.5344129554655871,0.530952380952381,0.8910533910533909,0.8968609865470851,8.790869108146987,42,11.80705594950617,42,29.895282039797547,152.98085415171636,134.72902622787035,124.63604575880984,0.37735849056603776,37.735849056603776,53,0.7924528301886793,0.0,3.8000000000000043,0.7169811320754716,0.1320754716981132,0.8095238095238095,0.7924528301886793,0.8095238095238095,1.2660205963838616,signal_level,Правило: level,1
1,RUB->KGS,signal_level,oot,247,61,117,0.39344262295081966,0.47368421052631576,0.48196721311475416,0.8306010928961749,0.8163265306122448,-2.1384808832282447,61,9.126877173039771,61,33.70865192245171,194.34045807672052,146.45654781022867,138.87053485662858,0.45283018867924524,45.283018867924525,53,1.150943396226415,0.0,5.0,0.6226415094339622,0.20754716981132076,0.8524590163934426,1.150943396226415,0.8524590163934426,1.1441022768220765,signal_level,Правило: level,1
1,RUB->KZT,signal_level,oot,247,19,142,0.6842105263157895,0.5748987854251012,0.5736842105263158,1.1901408450704225,1.1926605504587156,24.02173989297318,19,25.93161628434651,19,42.12695865539389,218.9756070881632,218.9756070881632,156.21711620374822,0.24528301886792453,24.528301886792452,53,0.3584905660377358,0.0,1.8000000000000043,0.8679245283018868,0.07547169811320754,0.6842105263157895,0.3584905660377358,0.7368421052631579,1.3717134634782764,signal_level,Правило: level,1
1,RUB->TJS,signal_level,oot,247,70,125,0.4714285714285714,0.5060728744939271,0.49057142857142855,0.9315428571428571,0.9609784507862551,-2.4797565922878,70,5.902711836099472,70,31.463674007376436,202.9608287567175,141.78159849274618,135.05553400928562,0.6226415094339622,62.264150943396224,53,1.320754716981132,0.0,5.0,0.5849056603773585,0.20754716981132076,0.8571428571428571,1.320754716981132,0.8857142857142857,1.076946019538955,signal_level,Правило: level,1
1,RUB->UZS,signal_level,oot,247,49,136,0.5102040816326531,0.5506072874493927,0.543265306122449,0.9266206482593038,0.9391435011269721,0.039140233579783745,49,12.3161485381036,49,32.179286351416664,206.83061374007661,173.75189038400262,151.81416892241285,0.4716981132075472,47.16981132075472,53,0.9245283018867925,0.0,4.0,0.6981132075471698,0.16981132075471697,0.7755102040816326,0.9245283018867925,0.7959183673469388,1.3223589630325927,signal_level,Правило: level,1
5,RUB->AMD,signal_level,oot,243,42,74,0.2857142857142857,0.3045267489711934,0.2980952380952381,0.9382239382239381,0.9584664536741214,30.57967260279441,42,58.28907932565845,42,96.33431275688281,338.4998373093606,324.66588751324315,312.4760535689819,0.23076923076923075,23.076923076923077,52,0.8076923076923077,0.0,3.8999999999999986,0.7115384615384616,0.1346153846153846,0.8095238095238095,0.8076923076923077,0.8095238095238095,1.5768328952321085,signal_level,Правило: level,5
5,RUB->KGS,signal_level,oot,243,61,70,0.22950819672131148,0.2880658436213992,0.2770491803278689,0.7967213114754098,0.8284023668639052,2.909592696271615,61,44.6045505888872,61,107.15537252468832,349.99595210233105,337.22955025843214,325.8895541975977,0.2692307692307692,26.923076923076923,52,1.1730769230769231,0.0,5.0,0.6153846153846154,0.21153846153846154,0.8524590163934426,1.1730769230769231,0.8524590163934426,1.410485984824871,signal_level,Правило: level,5
5,RUB->KZT,signal_level,oot,243,19,80,0.3684210526315789,0.3292181069958848,0.32842105263157895,1.119078947368421,1.1217948717948718,75.97455021835013,19,96.52780856926036,19,103.07786357126697,370.06399037409653,370.06399037409653,266.8550141611949,0.1346153846153846,13.461538461538462,52,0.36538461538461536,0.0,1.8999999999999986,0.8653846153846154,0.07692307692307693,0.6842105263157895,0.36538461538461536,0.7368421052631579,1.5664203652383295,signal_level,Правило: level,5
5,RUB->TJS,signal_level,oot,243,70,73,0.2571428571428571,0.3004115226337449,0.3134285714285714,0.855968688845401,0.8204193254329991,7.215962819665714,70,34.23766520465862,70,94.43545422154574,331.08968528288153,306.46418709496083,301.2738695453541,0.34615384615384615,34.61538461538461,52,1.3461538461538463,0.0,5.0,0.5769230769230769,0.21153846153846154,0.8571428571428571,1.3461538461538463,0.8857142857142857,1.2276043634478293,signal_level,Правило: level,5
5,RUB->UZS,signal_level,oot,243,49,83,0.32653061224489793,0.34156378600823045,0.34816326530612246,0.9559872141627734,0.9378663540445485,6.206549742917612,49,49.463570636735156,49,96.25582133521645,395.11308397216726,372.84464173054977,341.19704446246635,0.3076923076923077,30.76923076923077,52,0.9423076923076923,0.0,4.0,0.6923076923076923,0.17307692307692307,0.7755102040816326,0.9423076923076923,0.7959183673469388,1.4992209124312939,signal_level,Правило: level,5
10,RUB->AMD,signal_level,oot,238,42,56,0.23809523809523808,0.23529411764705882,0.23999999999999996,1.0119047619047619,0.9920634920634922,58.70758082135415,42,110.8633545583588,42,122.3595181062964,401.9476402789457,384.25954604270896,366.1011660097238,0.19607843137254904,19.607843137254903,51,0.8235294117647058,0.0,4.0,0.7058823529411765,0.13725490196078433,0.8095238095238095,0.8235294117647058,0.8095238095238095,1.6174937034747685,signal_level,Правило: level,10
10,RUB->KGS,signal_level,oot,238,61,53,0.18032786885245902,0.22268907563025211,0.23606557377049178,0.8097742035261367,0.763888888888889,7.602523935489267,61,86.11307241382055,61,158.7608719936177,544.6989658959378,463.03696329837885,445.8036483733205,0.21568627450980393,21.568627450980394,51,1.196078431372549,0.0,5.0,0.6078431372549019,0.21568627450980393,0.8524590163934426,1.196078431372549,0.8524590163934426,1.8049029833255787,signal_level,Правило: level,10
10,RUB->KZT,signal_level,oot,238,19,65,0.3157894736842105,0.27310924369747897,0.29578947368421055,1.1562753036437248,1.0676156583629892,116.67206894769102,19,149.69588297779922,19,127.5766909168519,370.06399037409653,370.06399037409653,299.27007373145466,0.11764705882352942,11.764705882352942,51,0.37254901960784315,0.0,2.0,0.8627450980392157,0.0784313725490196,0.6842105263157895,0.37254901960784315,0.7368421052631579,2.4807579940272877,signal_level,Правило: level,10
10,RUB->TJS,signal_level,oot,238,70,54,0.17142857142857143,0.226890756302521,0.23399999999999999,0.7555555555555555,0.7326007326007327,23.380127163549982,70,71.53929471749171,70,127.72364302823955,416.4001812319817,366.3247249197826,357.80750066162966,0.23529411764705885,23.529411764705884,51,1.3725490196078431,0.0,5.0,0.5686274509803921,0.21568627450980393,0.8571428571428571,1.3725490196078431,0.8857142857142857,1.5042759186102967,signal_level,Правило: level,10
10,RUB->UZS,signal_level,oot,238,49,63,0.2653061224489796,0.2647058823529412,0.2583673469387755,1.0022675736961453,1.0268562401263823,10.228835095852963,49,83.16024597046419,49,144.79965771370186,604.0052559195464,500.9577215788866,464.63239716363876,0.2549019607843137,25.49019607843137,51,0.9607843137254902,0.0,4.0,0.6862745098039216,0.17647058823529413,0.7755102040816326,0.9607843137254902,0.7959183673469388,1.8709164272798329,signal_level,Правило: level,10
1,RUB->AMD,signal_reversal,oot,247,10,132,0.6,0.5344129554655871,0.5539999999999999,1.1227272727272726,1.0830324909747293,21.34022378887823,10,-19.518053116705623,10,29.932595844434303,126.36853859142593,126.36853859142593,59.86519168886862,0.11320754716981131,11.320754716981131,53,0.18867924528301888,0.0,1.0,0.8113207547169812,0.0,0.0,0.18867924528301888,0.0,1.3960669784226984,signal_reversal,Правило: reversal,1
1,RUB->KGS,signal_reversal,oot,247,11,117,0.36363636363636365,0.47368421052631576,0.48727272727272725,0.7676767676767677,0.746268656716418,15.70103071686126,11,-18.12555383459117,11,29.295831797192424,127.95269999284153,127.95269999284153,62.5388499235151,0.07547169811320754,7.547169811320755,53,0.20754716981132076,0.0,1.0,0.7924528301886793,0.0,0.0,0.20754716981132076,0.0,0.9574284439897568,signal_reversal,Правило: reversal,1
1,RUB->KZT,signal_reversal,oot,247,9,142,0.7777777777777778,0.5748987854251012,0.5444444444444444,1.3528951486697967,1.4285714285714288,39.86089511148797,9,-9.447884811762584,9,34.29914529636468,218.9756070881632,218.9756070881632,61.738461533456416,0.1320754716981132,13.20754716981132,53,0.16981132075471697,0.0,1.0,0.8490566037735849,0.0,0.1111111111111111,0.16981132075471697,0.0,1.3129780716321333,signal_reversal,Правило: reversal,1
1,RUB->TJS,signal_reversal,oot,247,12,125,0.5,0.5060728744939271,0.5066666666666667,0.988,0.9868421052631579,3.5262710339561045,12,-22.218245118053318,12,31.932437589845733,122.4653635743067,122.4653635743067,74.02011848773782,0.11320754716981131,11.320754716981131,53,0.22641509433962265,0.0,1.0,0.7735849056603774,0.0,0.0,0.22641509433962265,0.0,0.9879926418951048,signal_reversal,Правило: reversal,1
1,RUB->UZS,signal_reversal,oot,247,9,136,0.5555555555555556,0.5506072874493927,0.5533333333333332,1.0089869281045754,1.0040160642570284,17.190808626195277,9,-25.586524719400927,9,14.726091253336213,83.10971450158355,83.10971450158355,26.506964256005183,0.09433962264150944,9.433962264150944,53,0.16981132075471697,0.0,1.0,0.8301886792452831,0.0,0.0,0.16981132075471697,0.0,2.134224708014767,signal_reversal,Правило: reversal,1
5,RUB->AMD,signal_reversal,oot,243,10,74,0.1,0.3045267489711934,0.332,0.3283783783783784,0.30120481927710846,8.128195447956179,10,23.37639301810612,10,100.39239874899076,319.7913094087435,319.7913094087435,175.77204657409328,0.019230769230769232,1.9230769230769231,52,0.19230769230769232,0.0,1.0,0.8076923076923077,0.0,0.0,0.19230769230769232,0.0,0.39329201188961593,signal_reversal,Правило: reversal,5
5,RUB->KGS,signal_reversal,oot,243,11,70,0.09090909090909091,0.2880658436213992,0.3145454545454546,0.3155844155844156,0.2890173410404624,-7.094521201500155,11,27.422852149179686,11,122.8832118782377,381.84712971919276,381.84712971919276,221.7392470814725,0.019230769230769232,1.9230769230769231,52,0.21153846153846154,0.0,1.0,0.7884615384615384,0.0,0.0,0.21153846153846154,0.0,0.3362005127638455,signal_reversal,Правило: reversal,5
5,RUB->KZT,signal_reversal,oot,243,9,80,0.4444444444444444,0.3292181069958848,0.3066666666666667,1.3499999999999999,1.4492753623188404,53.76636831600217,9,75.44742386803853,9,99.57912195046627,326.17315685845585,326.17315685845585,179.24241951083928,0.07692307692307693,7.6923076923076925,52,0.17307692307692307,0.0,1.0,0.8461538461538461,0.0,0.1111111111111111,0.17307692307692307,0.0,1.9857440959878052,signal_reversal,Правило: reversal,5
5,RUB->TJS,signal_reversal,oot,243,12,73,0.16666666666666666,0.3004115226337449,0.3133333333333333,0.5547945205479451,0.5319148936170213,11.455422819023811,12,30.4889090689429,12,102.5406972874913,282.3609142997951,282.3609142997951,205.94439907755023,0.038461538461538464,3.8461538461538463,52,0.23076923076923078,0.0,1.0,0.7692307692307693,0.0,0.0,0.23076923076923078,0.0,0.6162737576354574,signal_reversal,Правило: reversal,5
5,RUB->UZS,signal_reversal,oot,243,9,83,0.2222222222222222,0.34156378600823045,0.32666666666666666,0.6506024096385542,0.6802721088435374,-25.250539909866443,9,13.75775438846495,9,139.47057199679517,395.11308397216726,395.11308397216726,216.01041655391163,0.038461538461538464,3.8461538461538463,52,0.17307692307692307,0.0,1.0,0.8269230769230769,0.0,0.0,0.17307692307692307,0.0,0.849515200550641,signal_reversal,Правило: reversal,5
10,RUB->AMD,signal_reversal,oot,238,10,56,0.0,0.23529411764705882,0.23800000000000004,0.0,0.0,35.256292123265865,10,82.00042800799123,10,132.26987767517875,385.44240206191074,385.44240206191074,235.86400076346564,0.0,0.0,51,0.19607843137254902,0.0,1.0,0.803921568627451,0.0,0.0,0.19607843137254902,0.0,0.0,signal_reversal,Правило: reversal,10
10,RUB->KGS,signal_reversal,oot,238,11,53,0.0,0.22268907563025211,0.24545454545454548,0.0,0.0,-1.5223457279813601,11,78.80556006240369,11,184.824389381872,557.519965859905,557.519965859905,353.7247090339082,0.0,0.0,51,0.21568627450980393,0.0,1.0,0.7843137254901961,0.0,0.0,0.21568627450980393,0.0,0.0,signal_reversal,Правило: reversal,10
10,RUB->KZT,signal_reversal,oot,238,9,65,0.2222222222222222,0.27310924369747897,0.29111111111111115,0.8136752136752137,0.763358778625954,47.20993943499452,9,132.56948530940912,9,131.15517986437484,326.17315685845585,326.17315685845585,218.75164719812724,0.0392156862745098,3.9215686274509802,51,0.17647058823529413,0.0,1.0,0.8431372549019608,0.0,0.1111111111111111,0.17647058823529413,0.0,1.870967543631837,signal_reversal,Правило: reversal,10
10,RUB->TJS,signal_reversal,oot,238,12,54,0.08333333333333333,0.226890756302521,0.22833333333333333,0.3672839506172839,0.36496350364963503,42.99878008412028,12,81.20426642833412,12,120.29781632510988,325.5946901078,325.5946901078,227.5920154093507,0.0196078431372549,1.9607843137254901,51,0.23529411764705882,0.0,1.0,0.7647058823529411,0.0,0.0,0.23529411764705882,0.0,0.45377037793143493,signal_reversal,Правило: reversal,10
10,RUB->UZS,signal_reversal,oot,238,9,63,0.1111111111111111,0.2647058823529412,0.2711111111111111,0.41975308641975306,0.4098360655737705,-4.097603658986072,9,77.94234612821447,9,181.4424247183186,395.11308397216726,395.11308397216726,268.9907898382886,0.0196078431372549,1.9607843137254901,51,0.17647058823529413,0.0,1.0,0.8235294117647058,0.0,0.0,0.17647058823529413,0.0,0.593555875491999,signal_reversal,Правило: reversal,10
1,RUB->AMD,signal_seasonality,oot,247,50,132,0.5,0.5344129554655871,0.5484,0.9356060606060606,0.9117432530999271,1.7107787734322877,50,1.4142197345236034,50,24.272228304080645,192.7352856131548,132.74561654448365,112.11435092939891,0.4716981132075472,47.16981132075472,53,0.9433962264150944,0.0,4.800000000000004,0.7547169811320755,0.18867924528301888,0.84,0.9433962264150944,0.86,1.1103813637487538,signal_seasonality,Правило: seasonality,1
1,RUB->KGS,signal_seasonality,oot,247,39,117,0.5128205128205128,0.47368421052631576,0.48512820512820504,1.0826210826210825,1.0570824524312898,19.921266561429746,39,-1.2134175942343997,39,28.861222087150807,259.40333068450894,183.77418715195716,129.54939084693208,0.37735849056603776,37.735849056603776,53,0.7358490566037735,0.0,3.8000000000000043,0.7924528301886793,0.1320754716981132,0.8205128205128205,0.7358490566037735,0.8461538461538461,1.155160934535696,signal_seasonality,Правило: seasonality,1
1,RUB->KZT,signal_seasonality,oot,247,52,142,0.4807692307692308,0.5748987854251012,0.5615384615384617,0.8362676056338029,0.8561643835616437,5.046127436447657,52,-6.034771840216437,52,42.333423160510726,259.37838729440665,242.16431306186632,201.53413103624908,0.4716981132075472,47.16981132075472,53,0.9811320754716981,0.0,4.800000000000004,0.6981132075471698,0.16981132075471697,0.8269230769230769,0.9811320754716981,0.8461538461538461,0.940606970751068,signal_seasonality,Правило: seasonality,1
1,RUB->TJS,signal_seasonality,oot,247,46,125,0.6956521739130435,0.5060728744939271,0.5139130434782608,1.374608695652174,1.353637901861252,31.725720106811142,45,-2.3012409099208857,46,21.191829568868013,375.2192912694685,187.6278061762345,142.76564676461234,0.6037735849056604,60.37735849056604,53,0.8679245283018868,0.0,4.0,0.7169811320754716,0.1509433962264151,0.8043478260869565,0.8679245283018868,0.8260869565217391,0.8369043061992989,signal_seasonality,Правило: seasonality,1
1,RUB->UZS,signal_seasonality,oot,247,48,136,0.5208333333333334,0.5506072874493927,0.55625,0.9459252450980393,0.9363295880149813,9.697243302844575,47,0.5183949739709198,47,36.25506273187135,259.1600973263497,190.78950119755098,164.72835636449722,0.4716981132075472,47.16981132075472,53,0.9056603773584906,0.0,4.0,0.7547169811320755,0.16981132075471697,0.8333333333333334,0.9056603773584906,0.8333333333333334,1.0575218459427014,signal_seasonality,Правило: seasonality,1
5,RUB->AMD,signal_seasonality,oot,243,50,74,0.26,0.3045267489711934,0.30879999999999996,0.8537837837837838,0.8419689119170986,-1.1422174491126051,50,9.995164485210848,50,84.55487948150214,269.88540369372595,262.00190660236194,255.77722288618656,0.25,25.0,52,0.9615384615384616,0.0,4.899999999999999,0.75,0.19230769230769232,0.84,0.9615384615384616,0.86,0.9694215193897161,signal_seasonality,Правило: seasonality,5
5,RUB->KGS,signal_seasonality,oot,243,36,70,0.3055555555555556,0.2880658436213992,0.31166666666666665,1.0607142857142857,0.9803921568627453,29.201992510418442,34,-2.275970345012393,34,103.07707890033285,510.4106968162836,458.39242243843944,356.0166272210239,0.21153846153846154,21.153846153846153,52,0.6923076923076923,0.0,2.8999999999999986,0.7884615384615384,0.11538461538461539,0.8055555555555556,0.6923076923076923,0.8333333333333334,0.9671571633455386,signal_seasonality,Правило: seasonality,5
5,RUB->KZT,signal_seasonality,oot,243,52,80,0.25,0.3292181069958848,0.33692307692307694,0.759375,0.7420091324200913,8.181871721932767,52,-27.345768700281027,52,147.66089386137165,506.7133544065605,454.62856039252046,431.9350154093553,0.25,25.0,52,1.0,0.0,4.899999999999999,0.6923076923076923,0.17307692307692307,0.8269230769230769,1.0,0.8461538461538461,0.9699929498623109,signal_seasonality,Правило: seasonality,5
5,RUB->TJS,signal_seasonality,oot,243,46,73,0.5434782608695652,0.3004115226337449,0.29739130434782607,1.809112567004169,1.827485380116959,80.18965896030704,41,-1.602350839597488,46,71.95539467353285,434.4332326119771,415.62035808274146,350.3115435339122,0.4807692307692308,48.07692307692308,52,0.8846153846153846,0.0,4.0,0.7115384615384616,0.15384615384615385,0.8043478260869565,0.8846153846153846,0.8260869565217391,0.9088588216441355,signal_seasonality,Правило: seasonality,5
5,RUB->UZS,signal_seasonality,oot,243,44,83,0.3181818181818182,0.34156378600823045,0.3190909090909091,0.9315443592552026,0.9971509971509971,21.348423308399894,42,5.175632873479906,42,123.91587590881875,492.61432862483633,411.5991533389463,370.8850289464167,0.2692307692307692,26.923076923076923,52,0.8461538461538461,0.0,4.0,0.7692307692307693,0.15384615384615385,0.8181818181818182,0.8461538461538461,0.8181818181818182,0.9679116952681524,signal_seasonality,Правило: seasonality,5
10,RUB->AMD,signal_seasonality,oot,238,50,56,0.14,0.23529411764705882,0.2352,0.5950000000000001,0.5952380952380953,12.097586317595901,50,17.132597696629468,50,156.5001402925563,564.9611823028722,539.627585898413,516.4100230987185,0.1372549019607843,13.72549019607843,51,0.9803921568627451,0.0,5.0,0.7450980392156863,0.19607843137254902,0.84,0.9803921568627451,0.86,0.965156118696426,signal_seasonality,Правило: seasonality,10
10,RUB->KGS,signal_seasonality,oot,238,34,53,0.20588235294117646,0.22268907563025211,0.21999999999999997,0.9245283018867924,0.9358288770053477,10.867867188042576,34,-0.983741486471853,34,202.46575823887093,630.0116245600651,626.4385074439049,588.7194916460659,0.1372549019607843,13.72549019607843,51,0.6666666666666666,0.0,3.0,0.803921568627451,0.11764705882352941,0.8235294117647058,0.6666666666666666,0.8529411764705882,0.9611186995218647,signal_seasonality,Правило: seasonality,10
10,RUB->KZT,signal_seasonality,oot,238,52,65,0.19230769230769232,0.27310924369747897,0.2742307692307692,0.7041420118343197,0.7012622720897617,6.107643450929765,52,-47.026408900587086,52,240.52549997892933,788.4689574436953,766.9149006174339,734.740329350188,0.19607843137254904,19.607843137254903,51,1.0196078431372548,0.0,5.0,0.6862745098039216,0.17647058823529413,0.8269230769230769,1.0196078431372548,0.8461538461538461,0.9018001784789446,signal_seasonality,Правило: seasonality,10
10,RUB->TJS,signal_seasonality,oot,238,46,54,0.45652173913043476,0.226890756302521,0.21608695652173918,2.0120772946859904,2.1126760563380276,88.32733830857751,40,-2.1578851028720427,46,138.26627022589508,710.1687762173548,611.9047504821447,580.9764164103211,0.411764705882353,41.1764705882353,51,0.9019607843137255,0.0,4.0,0.7058823529411765,0.1568627450980392,0.8043478260869565,0.9019607843137255,0.8260869565217391,0.8685125902859139,signal_seasonality,Правило: seasonality,10
10,RUB->UZS,signal_seasonality,oot,238,42,63,0.21428571428571427,0.2647058823529412,0.2685714285714286,0.8095238095238094,0.7978723404255317,28.574969482386138,42,13.707736178337788,42,197.4625598390484,653.6539535137042,631.3934730657555,587.0584703947998,0.17647058823529413,17.647058823529413,51,0.8235294117647058,0.0,4.0,0.7843137254901961,0.1568627450980392,0.8333333333333334,0.8235294117647058,0.8333333333333334,0.9211019330419835,signal_seasonality,Правило: seasonality,10
1,RUB->AMD,signal_better_than_one_year_ago,oot,247,2,132,0.5,0.5344129554655871,0.5,0.9356060606060606,1.0,45.802392138641345,2,18.964140107725626,2,39.81752251725368,79.63504503450736,79.63504503450736,39.81752251725368,0.018867924528301886,1.8867924528301887,53,0.03773584905660377,0.0,0.0,0.9622641509433962,0.0,0.0,0.03773584905660377,0.0,2.2034115959681375,signal_better_than_one_year_ago,"Правило: лучше, чем год назад",1
1,RUB->KGS,signal_better_than_one_year_ago,oot,247,2,117,0.0,0.47368421052631576,0.5,0.0,0.0,-150.27987438899214,2,-31.927096980401416,2,153.67369237382468,259.40333068450894,259.40333068450894,153.67369237382468,0.0,0.0,53,0.03773584905660377,0.0,0.0,0.9622641509433962,0.0,0.0,0.03773584905660377,0.0,0.0,signal_better_than_one_year_ago,"Правило: лучше, чем год назад",1
1,RUB->KZT,signal_better_than_one_year_ago,oot,247,5,142,0.4,0.5748987854251012,0.6,0.695774647887324,0.6666666666666667,-18.82469607975534,5,33.5434417964735,5,73.32707588837461,208.26710053049257,208.26710053049257,73.32707588837461,0.03773584905660377,3.7735849056603774,53,0.09433962264150944,0.0,0.0,0.9245283018867925,0.0,0.2,0.09433962264150944,0.0,1.444762168855769,signal_better_than_one_year_ago,"Правило: лучше, чем год назад",1
1,RUB->TJS,signal_better_than_one_year_ago,oot,247,6,125,0.5,0.5060728744939271,0.49,0.988,1.0204081632653061,-25.07133025312099,6,3.155361553138595,6,47.28029654554655,130.69534950668648,130.69534950668648,56.736355854655855,0.056603773584905655,5.660377358490566,53,0.11320754716981132,0.0,0.8000000000000043,0.8867924528301887,0.0,0.0,0.11320754716981132,0.0,0.5158216193979915,signal_better_than_one_year_ago,"Правило: лучше, чем год назад",1
1,RUB->UZS,signal_better_than_one_year_ago,oot,247,2,136,0.0,0.5506072874493927,0.66,0.0,0.0,-125.49354714561811,2,5.759361582920452,2,128.15738931528765,232.20853131442843,232.20853131442843,128.15738931528765,0.0,0.0,53,0.03773584905660377,0.0,0.0,0.9622641509433962,0.0,0.0,0.03773584905660377,0.0,0.0,signal_better_than_one_year_ago,"Правило: лучше, чем год назад",1
5,RUB->AMD,signal_better_than_one_year_ago,oot,243,2,74,0.0,0.3045267489711934,0.22,0.0,0.0,-61.548915787139066,2,32.77639952845191,2,159.1836777313249,305.6875098666745,305.6875098666745,159.1836777313249,0.0,0.0,52,0.038461538461538464,0.0,0.0,0.9615384615384616,0.0,0.0,0.038461538461538464,0.0,,signal_better_than_one_year_ago,"Правило: лучше, чем год назад",5
5,RUB->KGS,signal_better_than_one_year_ago,oot,243,2,70,0.0,0.2880658436213992,0.29,0.0,0.0,-132.05976136172305,2,-107.68259037320426,2,228.0319685810106,406.37414806059536,406.37414806059536,228.0319685810106,0.0,0.0,52,0.038461538461538464,0.0,0.0,0.9615384615384616,0.0,0.0,0.038461538461538464,0.0,0.0,signal_better_than_one_year_ago,"Правило: лучше, чем год назад",5
5,RUB->KZT,signal_better_than_one_year_ago,oot,243,5,80,0.2,0.3292181069958848,0.32800000000000007,0.6075,0.6097560975609755,-115.16442976626884,5,30.6168733764216,5,263.9446955917193,431.55735916569074,431.55735916569074,263.9446955917193,0.019230769230769232,1.9230769230769231,52,0.09615384615384616,0.0,0.0,0.9230769230769231,0.0,0.2,0.09615384615384616,0.0,21.960542515238554,signal_better_than_one_year_ago,"Правило: лучше, чем год назад",5
5,RUB->TJS,signal_better_than_one_year_ago,oot,243,6,73,0.5,0.3004115226337449,0.26,1.6643835616438356,1.923076923076923,37.60502236344221,6,13.872901729374648,6,89.9797276691905,323.3874311823737,323.3874311823737,107.9756732030286,0.05769230769230769,5.769230769230769,52,0.11538461538461539,0.0,0.8999999999999986,0.8846153846153846,0.0,0.0,0.11538461538461539,0.0,0.6760260031470305,signal_better_than_one_year_ago,"Правило: лучше, чем год назад",5
5,RUB->UZS,signal_better_than_one_year_ago,oot,243,2,83,0.0,0.34156378600823045,0.29,0.0,0.0,-162.1191793237292,2,-9.816106579058072,2,261.67096512753176,283.3333333333332,283.3333333333332,261.67096512753176,0.0,0.0,52,0.038461538461538464,0.0,0.0,0.9615384615384616,0.0,0.0,0.038461538461538464,0.0,0.0,signal_better_than_one_year_ago,"Правило: лучше, чем год назад",5
10,RUB->AMD,signal_better_than_one_year_ago,oot,238,2,56,0.0,0.23529411764705882,0.29,0.0,0.0,-195.62288012954343,2,-41.83841014609557,2,469.97015237678966,655.5771542194067,655.5771542194067,469.97015237678966,0.0,0.0,51,0.0392156862745098,0.0,0.0,0.9607843137254902,0.0,0.0,0.0392156862745098,0.0,,signal_better_than_one_year_ago,"Правило: лучше, чем год назад",10
10,RUB->KGS,signal_better_than_one_year_ago,oot,238,2,53,0.0,0.22268907563025211,0.2,0.0,0.0,-95.85516601787026,2,-166.02342885770673,2,292.6813737936329,535.6729584858399,535.6729584858399,292.6813737936329,0.0,0.0,51,0.0392156862745098,0.0,0.0,0.9607843137254902,0.0,0.0,0.0392156862745098,0.0,,signal_better_than_one_year_ago,"Правило: лучше, чем год назад",10
10,RUB->KZT,signal_better_than_one_year_ago,oot,238,5,65,0.0,0.27310924369747897,0.264,0.0,0.0,-182.52685682381542,5,-5.638499211131132,5,417.6863332305412,609.1267577060089,609.1267577060089,417.6863332305412,0.0,0.0,51,0.09803921568627451,0.0,0.0,0.9215686274509803,0.0,0.2,0.09803921568627451,0.0,,signal_better_than_one_year_ago,"Правило: лучше, чем год назад",10
10,RUB->TJS,signal_better_than_one_year_ago,oot,238,6,54,0.5,0.226890756302521,0.20333333333333337,2.2037037037037037,2.4590163934426226,123.48153716509437,6,56.19016435957598,6,112.91987139964192,323.3874311823737,323.3874311823737,135.5038456795703,0.05882352941176471,5.882352941176471,51,0.11764705882352941,0.0,1.0,0.8823529411764706,0.0,0.0,0.11764705882352941,0.0,0.8574156994897296,signal_better_than_one_year_ago,"Правило: лучше, чем год назад",10
10,RUB->UZS,signal_better_than_one_year_ago,oot,238,2,63,0.0,0.2647058823529412,0.25,0.0,0.0,-165.98184482653932,2,-37.563193050810796,2,358.6373293879652,477.2660618542002,477.2660618542002,358.6373293879652,0.0,0.0,51,0.0392156862745098,0.0,0.0,0.9607843137254902,0.0,0.0,0.0392156862745098,0.0,0.0,signal_better_than_one_year_ago,"Правило: лучше, чем год назад",10
1,RUB->AMD,signal_better_range_held,oot,247,12,132,0.3333333333333333,0.5344129554655871,0.535,0.6237373737373737,0.6230529595015576,-10.490707992069732,12,6.204399471404314,12,40.55208936036429,117.58683869362852,117.58683869362852,79.76206397504805,0.07547169811320754,7.547169811320755,53,0.22641509433962265,0.0,1.0,0.7924528301886793,0.0,0.08333333333333333,0.22641509433962265,0.0,1.3439445004912451,signal_better_range_held,Правило: диапазон удержался,1
1,RUB->KGS,signal_better_range_held,oot,247,12,117,0.3333333333333333,0.47368421052631576,0.46166666666666667,0.7037037037037037,0.7220216606498194,-29.280286033683733,12,4.271657888670343,12,49.082851464066586,127.21880345677894,127.21880345677894,84.2933613393675,0.07547169811320754,7.547169811320755,53,0.22641509433962265,0.0,1.0,0.7924528301886793,0.0,0.08333333333333333,0.22641509433962265,0.0,1.2900711995974719,signal_better_range_held,Правило: диапазон удержался,1
1,RUB->KZT,signal_better_range_held,oot,247,9,142,0.5555555555555556,0.5748987854251012,0.5888888888888889,0.9663536776212833,0.9433962264150944,22.266820063212812,9,18.804202206185916,9,30.675659917672615,108.24669761255512,108.24669761255512,55.21618785181071,0.09433962264150944,9.433962264150944,53,0.16981132075471697,0.0,1.0,0.8301886792452831,0.0,0.0,0.16981132075471697,0.0,1.776669024969388,signal_better_range_held,Правило: диапазон удержался,1
1,RUB->TJS,signal_better_range_held,oot,247,13,125,0.5384615384615384,0.5060728744939271,0.5276923076923077,1.0639999999999998,1.0204081632653061,12.208210723465983,13,13.12384221253451,13,33.29364627161866,128.59198285602335,128.59198285602335,77.21423860206444,0.1320754716981132,13.20754716981132,53,0.24528301886792453,0.0,1.0,0.7924528301886793,0.0,0.15384615384615385,0.24528301886792453,0.0,2.2666627637854684,signal_better_range_held,Правило: диапазон удержался,1
1,RUB->UZS,signal_better_range_held,oot,247,11,136,0.45454545454545453,0.5506072874493927,0.5818181818181818,0.8255347593582888,0.78125,4.634254624320644,11,16.57971832659578,11,26.428540296664742,171.72814681682746,171.72814681682746,57.951831777638844,0.09433962264150944,9.433962264150944,53,0.20754716981132076,0.0,1.0,0.7924528301886793,0.0,0.0,0.20754716981132076,0.0,1.3086216290447075,signal_better_range_held,Правило: диапазон удержался,1
5,RUB->AMD,signal_better_range_held,oot,243,12,74,0.16666666666666666,0.3045267489711934,0.32333333333333336,0.5472972972972973,0.5154639175257731,8.928019428299883,12,73.85734922523821,12,127.65647236199754,323.82932817861973,323.82932817861973,260.15371575906073,0.038461538461538464,3.8461538461538463,52,0.23076923076923078,0.0,1.0,0.7884615384615384,0.0,0.08333333333333333,0.23076923076923078,0.0,1.3673748709991276,signal_better_range_held,Правило: диапазон удержался,5
5,RUB->KGS,signal_better_range_held,oot,243,12,70,0.16666666666666666,0.2880658436213992,0.25,0.5785714285714285,0.6666666666666666,-6.106466843286792,12,67.14119260546668,12,141.92409765617552,358.16211991074766,358.16211991074766,282.6204844708244,0.038461538461538464,3.8461538461538463,52,0.23076923076923078,0.0,1.0,0.7884615384615384,0.0,0.08333333333333333,0.23076923076923078,0.0,1.3827159065829255,signal_better_range_held,Правило: диапазон удержался,5
5,RUB->KZT,signal_better_range_held,oot,243,9,80,0.3333333333333333,0.3292181069958848,0.3377777777777778,1.0125,0.9868421052631579,54.08867586059974,9,103.59914276324112,9,102.47679058094292,515.6908914341907,515.6908914341907,178.67318844362103,0.05769230769230769,5.769230769230769,52,0.17307692307692307,0.0,1.0,0.8269230769230769,0.0,0.0,0.17307692307692307,0.0,0.9265042697322777,signal_better_range_held,Правило: диапазон удержался,5
5,RUB->TJS,signal_better_range_held,oot,243,13,73,0.38461538461538464,0.3004115226337449,0.2892307692307693,1.280295047418335,1.329787234042553,-8.874581638676535,13,63.0104203408998,13,124.85430178466382,304.6021314848746,304.6021314848746,256.09943785220145,0.09615384615384615,9.615384615384615,52,0.25,0.0,1.0,0.7884615384615384,0.0,0.15384615384615385,0.25,0.0,4.036879007085488,signal_better_range_held,Правило: диапазон удержался,5
5,RUB->UZS,signal_better_range_held,oot,243,11,83,0.18181818181818182,0.34156378600823045,0.34545454545454546,0.5323110624315444,0.5263157894736842,14.38228028447932,11,92.8852847982747,11,122.93582386760845,283.3333333333332,283.3333333333332,219.4250910097573,0.038461538461538464,3.8461538461538463,52,0.21153846153846154,0.0,1.0,0.7884615384615384,0.0,0.0,0.21153846153846154,0.0,1.8644114725400047,signal_better_range_held,Правило: диапазон удержался,5
10,RUB->AMD,signal_better_range_held,oot,238,12,56,0.08333333333333333,0.23529411764705882,0.22666666666666666,0.35416666666666663,0.3676470588235294,3.1906422302033186,12,106.69201610288337,12,186.6243882879653,527.1672042368491,527.1672042368491,366.5774352779545,0.0196078431372549,1.9607843137254901,51,0.23529411764705882,0.0,1.0,0.7843137254901961,0.0,0.08333333333333333,0.23529411764705882,0.0,1.5725644279705882,signal_better_range_held,Правило: диапазон удержался,10
10,RUB->KGS,signal_better_range_held,oot,238,12,53,0.16666666666666666,0.22268907563025211,0.21833333333333332,0.7484276729559748,0.7633587786259541,-23.111860056915692,12,89.40947536319335,12,218.08736491906453,597.4200177609168,597.4200177609168,410.82215351007,0.0392156862745098,3.9215686274509802,51,0.23529411764705882,0.0,1.0,0.7843137254901961,0.0,0.08333333333333333,0.23529411764705882,0.0,3.177525549025387,signal_better_range_held,Правило: диапазон удержался,10
10,RUB->KZT,signal_better_range_held,oot,238,9,65,0.3333333333333333,0.27310924369747897,0.26444444444444437,1.2205128205128206,1.2605042016806725,57.85255321899318,9,134.7213902468061,9,137.39149242534154,646.8449053808256,646.8449053808256,240.7005178995227,0.05882352941176471,5.882352941176471,51,0.17647058823529413,0.0,1.0,0.8235294117647058,0.0,0.0,0.17647058823529413,0.0,1.3505881945969933,signal_better_range_held,Правило: диапазон удержался,10
10,RUB->TJS,signal_better_range_held,oot,238,13,54,0.23076923076923078,0.226890756302521,0.2107692307692308,1.0170940170940173,1.094890510948905,-20.38143712725865,13,91.12632054188177,13,181.57981752639114,496.35432093318997,496.35432093318997,331.99980115085026,0.05882352941176471,5.882352941176471,51,0.2549019607843137,0.0,1.0,0.7843137254901961,0.0,0.15384615384615385,0.2549019607843137,0.0,5.533338782679404,signal_better_range_held,Правило: диапазон удержался,10
10,RUB->UZS,signal_better_range_held,oot,238,11,63,0.18181818181818182,0.2647058823529412,0.26363636363636367,0.6868686868686869,0.689655172413793,7.653251124365025,11,115.71056778680058,11,206.39701509755125,477.2660618542002,477.2660618542002,376.2009372419381,0.0392156862745098,3.9215686274509802,51,0.21568627450980393,0.0,1.0,0.7843137254901961,0.0,0.0,0.21568627450980393,0.0,1.2467038918747988,signal_better_range_held,Правило: диапазон удержался,10
1,RUB->AMD,signal_larger_than_usual_latest_improvement,oot,247,22,132,0.36363636363636365,0.5344129554655871,0.5381818181818181,0.6804407713498623,0.6756756756756758,-23.040729166810955,22,39.24315410789111,22,43.01950279737131,152.98085415171636,150.58072823344702,126.33384016874727,0.1509433962264151,15.09433962264151,53,0.41509433962264153,0.0,1.0,0.6415094339622641,0.0,0.13636363636363635,0.41509433962264153,0.0,0.8562544096345858,signal_larger_than_usual_latest_improvement,Правило: крупное последнее улучшение,1
1,RUB->KGS,signal_larger_than_usual_latest_improvement,oot,247,23,117,0.30434782608695654,0.47368421052631576,0.47652173913043483,0.6425120772946861,0.6386861313868613,-29.975296949251767,23,35.04988165712238,23,47.84016003408373,157.4528783548357,152.86429830567272,135.19662240165252,0.1320754716981132,13.20754716981132,53,0.4339622641509434,0.0,1.0,0.5849056603773585,0.0,0.043478260869565216,0.4339622641509434,0.0,0.8026469556027286,signal_larger_than_usual_latest_improvement,Правило: крупное последнее улучшение,1
1,RUB->KZT,signal_larger_than_usual_latest_improvement,oot,247,22,142,0.5454545454545454,0.5748987854251012,0.5881818181818183,0.9487836107554417,0.927357032457496,-0.03362346795613873,22,63.548560465086304,22,42.62538048543606,208.26710053049257,201.23767922525792,147.74382288160436,0.22641509433962262,22.641509433962263,53,0.41509433962264153,0.0,1.0,0.6226415094339622,0.0,0.09090909090909091,0.41509433962264153,0.0,1.210120254002466,signal_larger_than_usual_latest_improvement,Правило: крупное последнее улучшение,1
1,RUB->TJS,signal_larger_than_usual_latest_improvement,oot,247,24,125,0.375,0.5060728744939271,0.5216666666666666,0.741,0.7188498402555912,-22.758442007340815,24,37.55303812002527,24,42.29567925159818,202.9608287567175,180.57887971236306,139.13916597706822,0.169811320754717,16.9811320754717,53,0.4528301886792453,0.0,1.0,0.5660377358490566,0.0,0.041666666666666664,0.4528301886792453,0.0,1.0361336133725418,signal_larger_than_usual_latest_improvement,Правило: крупное последнее улучшение,1
1,RUB->UZS,signal_larger_than_usual_latest_improvement,oot,247,17,136,0.29411764705882354,0.5506072874493927,0.5247058823529414,0.5341695501730104,0.5605381165919281,-64.64655103291908,17,32.14838512039885,17,83.7777076403004,232.20853131442843,232.20853131442843,183.46686209938804,0.09433962264150944,9.433962264150944,53,0.32075471698113206,0.0,1.0,0.6981132075471698,0.0,0.058823529411764705,0.32075471698113206,0.0,0.4186720037295259,signal_larger_than_usual_latest_improvement,Правило: крупное последнее улучшение,1
5,RUB->AMD,signal_larger_than_usual_latest_improvement,oot,243,22,74,0.22727272727272727,0.3045267489711934,0.3336363636363636,0.7463144963144963,0.6811989100817439,-4.354948349780172,21,53.843150173360385,21,105.54408766227094,245.2643583519065,242.69010250634437,229.39678840160659,0.09615384615384615,9.615384615384615,52,0.4230769230769231,0.0,1.0,0.6346153846153846,0.0,0.13636363636363635,0.4230769230769231,0.0,1.5663977898135812,signal_larger_than_usual_latest_improvement,Правило: крупное последнее улучшение,5
5,RUB->KGS,signal_larger_than_usual_latest_improvement,oot,243,23,70,0.2608695652173913,0.2880658436213992,0.2939130434782609,0.9055900621118012,0.8875739644970413,6.236526692435414,22,55.96541617009484,22,109.7489928169111,349.99595210233105,300.6645774494454,253.95385476829088,0.11538461538461538,11.538461538461538,52,0.4423076923076923,0.0,1.0,0.5769230769230769,0.0,0.043478260869565216,0.4423076923076923,0.0,1.3011284889702996,signal_larger_than_usual_latest_improvement,Правило: крупное последнее улучшение,5
5,RUB->KZT,signal_larger_than_usual_latest_improvement,oot,243,22,80,0.45454545454545453,0.3292181069958848,0.32818181818181813,1.3806818181818181,1.3850415512465375,34.14200011094967,21,76.8056661564519,21,125.76174992776106,515.6908914341907,473.6241252999407,376.07580593775003,0.1923076923076923,19.23076923076923,52,0.4230769230769231,0.0,1.0,0.6153846153846154,0.0,0.09090909090909091,0.4230769230769231,0.0,1.903713108354981,signal_larger_than_usual_latest_improvement,Правило: крупное последнее улучшение,5
5,RUB->TJS,signal_larger_than_usual_latest_improvement,oot,243,24,73,0.3333333333333333,0.3004115226337449,0.2966666666666667,1.1095890410958902,1.1235955056179774,5.223349157073197,23,56.116895876602584,23,108.96272298736666,364.0582021316252,322.28540073927616,275.12927234962257,0.15384615384615385,15.384615384615385,52,0.46153846153846156,0.0,1.0,0.5576923076923077,0.0,0.041666666666666664,0.46153846153846156,0.0,2.0712488400301856,signal_larger_than_usual_latest_improvement,Правило: крупное последнее улучшение,5
5,RUB->UZS,signal_larger_than_usual_latest_improvement,oot,243,17,83,0.17647058823529413,0.34156378600823045,0.36,0.5166548547129696,0.4901960784313726,-3.788995732451322,16,59.753766233316895,16,129.0608502374718,385.07397410706636,385.07397410706636,261.57201068593895,0.05769230769230769,5.769230769230769,52,0.3269230769230769,0.0,1.0,0.6923076923076923,0.0,0.058823529411764705,0.3269230769230769,0.0,0.7265071769596909,signal_larger_than_usual_latest_improvement,Правило: крупное последнее улучшение,5
10,RUB->AMD,signal_larger_than_usual_latest_improvement,oot,238,21,56,0.19047619047619047,0.23529411764705882,0.21904761904761905,0.8095238095238095,0.8695652173913043,4.658591269894133,20,58.97565123347065,21,180.89891296595547,500.5768091541163,441.3803081762935,387.1910052560264,0.0784313725490196,7.8431372549019605,51,0.4117647058823529,0.0,1.0,0.6470588235294118,0.0,0.14285714285714285,0.4117647058823529,0.0,1.6203475070561724,signal_larger_than_usual_latest_improvement,Правило: крупное последнее улучшение,10
10,RUB->KGS,signal_larger_than_usual_latest_improvement,oot,238,22,53,0.22727272727272727,0.22268907563025211,0.22454545454545458,1.020583190394511,1.012145748987854,21.44497716007776,21,67.64387947282323,22,189.8334662260314,544.6989658959378,484.0745997803564,418.0699929883822,0.09803921568627452,9.803921568627452,51,0.43137254901960786,0.0,1.0,0.5882352941176471,0.0,0.045454545454545456,0.43137254901960786,0.0,1.485352765210525,signal_larger_than_usual_latest_improvement,Правило: крупное последнее улучшение,10
10,RUB->KZT,signal_larger_than_usual_latest_improvement,oot,238,21,65,0.42857142857142855,0.27310924369747897,0.26190476190476186,1.5692307692307692,1.6363636363636365,67.6643300520482,20,100.72315907826501,21,147.805402804496,646.8449053808256,627.9858315434172,447.52897006696867,0.17647058823529413,17.647058823529413,51,0.4117647058823529,0.0,1.0,0.6274509803921569,0.0,0.09523809523809523,0.4117647058823529,0.0,1.9830006475891049,signal_larger_than_usual_latest_improvement,Правило: крупное последнее улучшение,10
10,RUB->TJS,signal_larger_than_usual_latest_improvement,oot,238,23,54,0.2608695652173913,0.226890756302521,0.23478260869565215,1.1497584541062802,1.1111111111111112,17.722181165511063,22,66.15226793508457,23,184.48771309123103,454.4326322632331,409.2454171974291,368.1948282547629,0.11764705882352942,11.764705882352942,51,0.45098039215686275,0.0,1.0,0.5686274509803921,0.0,0.043478260869565216,0.45098039215686275,0.0,2.7676621464189664,signal_larger_than_usual_latest_improvement,Правило: крупное последнее улучшение,10
10,RUB->UZS,signal_larger_than_usual_latest_improvement,oot,238,16,63,0.125,0.2647058823529412,0.28125,0.4722222222222222,0.4444444444444444,-11.074955854932998,15,58.29385623515589,16,237.62602324691488,502.7748990285419,502.7748990285419,447.4324753393595,0.0392156862745098,3.9215686274509802,51,0.3137254901960784,0.0,1.0,0.7058823529411765,0.0,0.0625,0.3137254901960784,0.0,1.0698342869763446,signal_larger_than_usual_latest_improvement,Правило: крупное последнее улучшение,10
1,RUB->AMD,signal_better_than_30_day_average,oot,247,10,132,0.4,0.5344129554655871,0.5539999999999999,0.7484848484848484,0.7220216606498197,-27.940295727541752,10,16.9042749404994,10,41.73464398652515,204.31519881013438,204.31519881013438,78.39422708158094,0.07547169811320754,7.547169811320755,53,0.18867924528301888,0.0,1.0,0.8301886792452831,0.0,0.1,0.18867924528301888,0.0,0.8074448584181938,signal_better_than_30_day_average,Правило: лучше 30-дневного среднего,1
1,RUB->KGS,signal_better_than_30_day_average,oot,247,8,117,0.375,0.47368421052631576,0.48,0.7916666666666667,0.78125,-35.34404585605944,8,13.057185960787393,8,47.1261134223791,216.0669724618347,216.0669724618347,75.40178147580656,0.056603773584905655,5.660377358490566,53,0.1509433962264151,0.0,1.0,0.8490566037735849,0.0,0.0,0.1509433962264151,0.0,0.6948898848801283,signal_better_than_30_day_average,Правило: лучше 30-дневного среднего,1
1,RUB->KZT,signal_better_than_30_day_average,oot,247,12,142,0.5,0.5748987854251012,0.56,0.869718309859155,0.8928571428571428,7.097935834467401,12,53.041041135037375,12,37.007519395331016,208.26710053049257,208.26710053049257,86.40097108016099,0.11320754716981131,11.320754716981131,53,0.22641509433962265,0.0,1.0,0.8113207547169812,0.0,0.16666666666666666,0.22641509433962265,0.0,1.3366809477199972,signal_better_than_30_day_average,Правило: лучше 30-дневного среднего,1
1,RUB->TJS,signal_better_than_30_day_average,oot,247,10,125,0.3,0.5060728744939271,0.494,0.5928,0.6072874493927125,-69.5073388776871,10,4.969037882288752,10,81.28018696848693,326.10131587017753,326.10131587017753,145.45616790022999,0.056603773584905655,5.660377358490566,53,0.18867924528301888,0.0,1.0,0.8113207547169812,0.0,0.0,0.18867924528301888,0.0,0.49455226187069373,signal_better_than_30_day_average,Правило: лучше 30-дневного среднего,1
1,RUB->UZS,signal_better_than_30_day_average,oot,247,10,136,0.2,0.5506072874493927,0.57,0.3632352941176471,0.3508771929824562,-22.109504660689613,10,30.139817115185984,10,35.33789356744133,93.00955282753209,93.00955282753209,61.08135224697131,0.03773584905660377,3.7735849056603774,53,0.18867924528301888,0.0,1.0,0.8113207547169812,0.0,0.0,0.18867924528301888,0.0,0.9791770887844317,signal_better_than_30_day_average,Правило: лучше 30-дневного среднего,1
5,RUB->AMD,signal_better_than_30_day_average,oot,243,10,74,0.3,0.3045267489711934,0.332,0.9851351351351351,0.9036144578313252,-59.071681844071634,10,10.852209448626855,10,147.94527250450898,293.52481733434075,293.52481733434075,257.92837791181137,0.05769230769230769,5.769230769230769,52,0.19230769230769232,0.0,1.0,0.8269230769230769,0.0,0.1,0.19230769230769232,0.0,1.4503243915898405,signal_better_than_30_day_average,Правило: лучше 30-дневного среднего,5
5,RUB->KGS,signal_better_than_30_day_average,oot,243,8,70,0.25,0.2880658436213992,0.31,0.8678571428571428,0.8064516129032259,-51.45470414772189,8,21.189552464669223,8,131.87777281483625,317.16584711667383,317.16584711667383,206.65182213324852,0.038461538461538464,3.8461538461538463,52,0.15384615384615385,0.0,1.0,0.8461538461538461,0.0,0.0,0.15384615384615385,0.0,1.0600886426298415,signal_better_than_30_day_average,Правило: лучше 30-дневного среднего,5
5,RUB->KZT,signal_better_than_30_day_average,oot,243,12,80,0.25,0.3292181069958848,0.32833333333333337,0.759375,0.7614213197969543,2.438316019107527,12,63.256828170759896,12,146.54196949927777,431.55735916569074,431.55735916569074,300.59494401500467,0.05769230769230769,5.769230769230769,52,0.23076923076923078,0.0,1.0,0.8076923076923077,0.0,0.16666666666666666,0.23076923076923078,0.0,2.5309541483932443,signal_better_than_30_day_average,Правило: лучше 30-дневного среднего,5
5,RUB->TJS,signal_better_than_30_day_average,oot,243,10,73,0.2,0.3004115226337449,0.298,0.6657534246575343,0.6711409395973155,-69.63499738413081,10,13.21961321467224,10,158.9190629405446,326.10131587017753,326.10131587017753,255.0592772543809,0.038461538461538464,3.8461538461538463,52,0.19230769230769232,0.0,1.0,0.8076923076923077,0.0,0.0,0.19230769230769232,0.0,2.470731742683651,signal_better_than_30_day_average,Правило: лучше 30-дневного среднего,5
5,RUB->UZS,signal_better_than_30_day_average,oot,243,10,83,0.2,0.34156378600823045,0.344,0.5855421686746989,0.5813953488372093,-55.91925940953968,10,13.557630919174056,10,167.00554376191957,469.4046932743112,469.4046932743112,312.4760419685524,0.038461538461538464,3.8461538461538463,52,0.19230769230769232,0.0,1.0,0.8076923076923077,0.0,0.0,0.19230769230769232,0.0,1.4814318494724783,signal_better_than_30_day_average,Правило: лучше 30-дневного среднего,5
10,RUB->AMD,signal_better_than_30_day_average,oot,238,10,56,0.3,0.23529411764705882,0.23800000000000004,1.275,1.260504201680672,-56.129727853906914,10,5.185540399400447,10,233.10237368207362,638.1654919762681,638.1654919762681,428.24258026694076,0.05882352941176471,5.882352941176471,51,0.19607843137254902,0.0,1.0,0.8235294117647058,0.0,0.1,0.19607843137254902,0.0,1.255835943104129,signal_better_than_30_day_average,Правило: лучше 30-дневного среднего,10
10,RUB->KGS,signal_better_than_30_day_average,oot,238,8,53,0.125,0.22268907563025211,0.2125,0.5613207547169811,0.5882352941176471,-69.05041926473885,8,6.671520054726265,8,245.81188746751803,716.2600718805656,716.2600718805656,376.6636025353183,0.0196078431372549,1.9607843137254901,51,0.1568627450980392,0.0,1.0,0.8431372549019608,0.0,0.0,0.1568627450980392,0.0,0.48638617977179677,signal_better_than_30_day_average,Правило: лучше 30-дневного среднего,10
10,RUB->KZT,signal_better_than_30_day_average,oot,238,12,65,0.16666666666666666,0.27310924369747897,0.2733333333333333,0.6102564102564103,0.6097560975609756,-1.5653715436553266,12,48.83003329187536,12,243.9444294035984,788.4689574436953,788.4689574436953,526.5986252551271,0.0392156862745098,3.9215686274509802,51,0.23529411764705882,0.0,1.0,0.803921568627451,0.0,0.16666666666666666,0.23529411764705882,0.0,0.7063257854157521,signal_better_than_30_day_average,Правило: лучше 30-дневного среднего,10
10,RUB->TJS,signal_better_than_30_day_average,oot,238,10,54,0.1,0.226890756302521,0.214,0.44074074074074077,0.4672897196261683,-107.94977149674367,10,-13.299333442728265,10,304.12124678240946,614.8436170682058,614.8436170682058,433.1845595018176,0.0196078431372549,1.9607843137254901,51,0.19607843137254902,0.0,1.0,0.803921568627451,0.0,0.0,0.19607843137254902,0.0,1.036104825145833,signal_better_than_30_day_average,Правило: лучше 30-дневного среднего,10
10,RUB->UZS,signal_better_than_30_day_average,oot,238,10,63,0.1,0.2647058823529412,0.28400000000000003,0.37777777777777777,0.352112676056338,-82.85954593721024,10,-10.038163327210748,10,327.5038921486531,713.3632876996443,713.3632876996443,528.648165138557,0.0196078431372549,1.9607843137254901,51,0.19607843137254902,0.0,1.0,0.803921568627451,0.0,0.0,0.19607843137254902,0.0,0.9991034385362163,signal_better_than_30_day_average,Правило: лучше 30-дневного среднего,10
1,RUB->AMD,signal_most_recent_changes_favourable,oot,247,10,132,0.5,0.5344129554655871,0.5539999999999999,0.9356060606060606,0.9025270758122744,7.2776040025845905,10,25.963556035618844,10,28.776958266566673,76.04472773904858,76.04472773904858,57.55391653313336,0.09433962264150944,9.433962264150944,53,0.18867924528301888,0.0,1.0,0.8301886792452831,0.0,0.1,0.18867924528301888,0.0,2.757992344959251,signal_most_recent_changes_favourable,Правило: недавние изменения хорошие,1
1,RUB->KGS,signal_most_recent_changes_favourable,oot,247,14,117,0.5,0.47368421052631576,0.4857142857142857,1.0555555555555556,1.0294117647058825,22.064689517599817,14,37.131920405928945,14,21.939845360959197,75.87914179133071,75.87914179133071,58.437988241911945,0.1320754716981132,13.20754716981132,53,0.2641509433962264,0.0,1.0,0.7547169811320755,0.0,0.07142857142857142,0.2641509433962264,0.0,3.0327768331120573,signal_most_recent_changes_favourable,Правило: недавние изменения хорошие,1
1,RUB->KZT,signal_most_recent_changes_favourable,oot,247,15,142,0.6666666666666666,0.5748987854251012,0.5840000000000001,1.1596244131455398,1.141552511415525,57.28939908728996,15,44.83759974713301,15,17.402178291498892,72.77319238680579,72.77319238680579,52.20653487449666,0.18867924528301888,18.867924528301888,53,0.2830188679245283,0.0,1.0,0.7547169811320755,0.0,0.13333333333333333,0.2830188679245283,0.0,2.309417625840393,signal_most_recent_changes_favourable,Правило: недавние изменения хорошие,1
1,RUB->TJS,signal_most_recent_changes_favourable,oot,247,13,125,0.46153846153846156,0.5060728744939271,0.54,0.912,0.8547008547008547,7.218241240524511,13,31.431267974422113,13,17.512603813488138,76.49044136682991,76.49044136682991,42.50276767615091,0.11320754716981131,11.320754716981131,53,0.24528301886792453,0.0,1.0,0.7735849056603774,0.0,0.07692307692307693,0.24528301886792453,0.0,2.29929957492326,signal_most_recent_changes_favourable,Правило: недавние изменения хорошие,1
1,RUB->UZS,signal_most_recent_changes_favourable,oot,247,9,136,0.2222222222222222,0.5506072874493927,0.5822222222222223,0.4035947712418301,0.381679389312977,-21.28339581893969,9,4.458133458041309,9,56.38669031026265,206.83061374007661,206.83061374007661,97.70177876433594,0.03773584905660377,3.7735849056603774,53,0.16981132075471697,0.0,1.0,0.8301886792452831,0.0,0.0,0.16981132075471697,0.0,0.6552118919997275,signal_most_recent_changes_favourable,Правило: недавние изменения хорошие,1
5,RUB->AMD,signal_most_recent_changes_favourable,oot,243,10,74,0.1,0.3045267489711934,0.332,0.3283783783783784,0.30120481927710846,-23.811335638295073,10,69.04528814213961,10,135.37598364349714,297.9279012537472,297.9279012537472,224.18499132314815,0.019230769230769232,1.9230769230769231,52,0.19230769230769232,0.0,1.0,0.8269230769230769,0.0,0.1,0.19230769230769232,0.0,0.9602306796859618,signal_most_recent_changes_favourable,Правило: недавние изменения хорошие,5
5,RUB->KGS,signal_most_recent_changes_favourable,oot,243,14,70,0.21428571428571427,0.2880658436213992,0.2928571428571428,0.7438775510204081,0.7317073170731708,-1.1299821703106707,14,70.28094155409336,14,100.94236685624386,320.7109433368727,320.7109433368727,238.29167170259203,0.05769230769230769,5.769230769230769,52,0.2692307692307692,0.0,1.0,0.75,0.0,0.07142857142857142,0.2692307692307692,0.0,1.6827157064680545,signal_most_recent_changes_favourable,Правило: недавние изменения хорошие,5
5,RUB->KZT,signal_most_recent_changes_favourable,oot,243,15,80,0.4666666666666667,0.3292181069958848,0.31066666666666665,1.4175,1.5021459227467813,87.51570343956935,15,111.22212583061764,15,60.59182202329542,438.33946999948915,438.33946999948915,165.05294329934063,0.1346153846153846,13.461538461538462,52,0.28846153846153844,0.0,1.0,0.75,0.0,0.13333333333333333,0.28846153846153844,0.0,1.2418580032366078,signal_most_recent_changes_favourable,Правило: недавние изменения хорошие,5
5,RUB->TJS,signal_most_recent_changes_favourable,oot,243,13,73,0.38461538461538464,0.3004115226337449,0.28923076923076924,1.280295047418335,1.3297872340425532,2.147474555105331,13,67.50483877877544,13,114.93577688526342,318.3638219360918,318.3638219360918,256.41362157300847,0.09615384615384615,9.615384615384615,52,0.25,0.0,1.0,0.7692307692307693,0.0,0.07692307692307693,0.25,0.0,2.4458890150064216,signal_most_recent_changes_favourable,Правило: недавние изменения хорошие,5
5,RUB->UZS,signal_most_recent_changes_favourable,oot,243,9,83,0.2222222222222222,0.34156378600823045,0.33555555555555555,0.6506024096385542,0.662251655629139,-51.91409672114216,9,48.37937862332862,9,149.3941160248265,359.6748369932534,359.6748369932534,235.754679462453,0.038461538461538464,3.8461538461538463,52,0.17307692307692307,0.0,1.0,0.8269230769230769,0.0,0.0,0.17307692307692307,0.0,2.258439889113274,signal_most_recent_changes_favourable,Правило: недавние изменения хорошие,5
10,RUB->AMD,signal_most_recent_changes_favourable,oot,238,10,56,0.1,0.23529411764705882,0.23800000000000004,0.42500000000000004,0.4201680672268907,-56.443957981038295,10,46.718603282705054,10,263.6730182185072,462.59054864423723,462.59054864423723,382.06576478258916,0.0196078431372549,1.9607843137254901,51,0.19607843137254902,0.0,1.0,0.8235294117647058,0.0,0.1,0.19607843137254902,0.0,1.6277759892020864,signal_most_recent_changes_favourable,Правило: недавние изменения хорошие,10
10,RUB->KGS,signal_most_recent_changes_favourable,oot,238,14,53,0.14285714285714285,0.22268907563025211,0.2157142857142857,0.6415094339622641,0.6622516556291391,-27.11081814628011,14,47.20483730267154,14,238.8000172308164,677.8323313759138,677.8323313759138,450.6591893073648,0.0392156862745098,3.9215686274509802,51,0.27450980392156865,0.0,1.0,0.7450980392156863,0.0,0.07142857142857142,0.27450980392156865,0.0,1.5635878864489412,signal_most_recent_changes_favourable,Правило: недавние изменения хорошие,10
10,RUB->KZT,signal_most_recent_changes_favourable,oot,238,15,65,0.4,0.27310924369747897,0.27599999999999997,1.4646153846153849,1.4492753623188408,83.19376709511162,15,95.38134147275403,15,122.88314069326076,731.3464665582603,731.3464665582603,330.3033234191122,0.11764705882352942,11.764705882352942,51,0.29411764705882354,0.0,1.0,0.7450980392156863,0.0,0.13333333333333333,0.29411764705882354,0.0,2.6516695200745044,signal_most_recent_changes_favourable,Правило: недавние изменения хорошие,10
10,RUB->TJS,signal_most_recent_changes_favourable,oot,238,13,54,0.3076923076923077,0.226890756302521,0.2446153846153846,1.3561253561253561,1.257861635220126,-11.962721656263948,13,55.175180853737324,13,197.602793641155,562.3248697161642,562.3248697161642,377.07624044392406,0.0784313725490196,7.8431372549019605,51,0.2549019607843137,0.0,1.0,0.7647058823529411,0.0,0.07692307692307693,0.2549019607843137,0.0,3.083532426408836,signal_most_recent_changes_favourable,Правило: недавние изменения хорошие,10
10,RUB->UZS,signal_most_recent_changes_favourable,oot,238,9,63,0.1111111111111111,0.2647058823529412,0.28444444444444444,0.41975308641975306,0.390625,-81.47197271989647,9,32.09063469412323,9,269.62702997512525,452.0700433112257,452.0700433112257,387.6716468635494,0.0196078431372549,1.9607843137254901,51,0.17647058823529413,0.0,1.0,0.8235294117647058,0.0,0.0,0.17647058823529413,0.0,2.40107105124674,signal_most_recent_changes_favourable,Правило: недавние изменения хорошие,10
1,RUB->AMD,signal_less_than_one_year_ago,oot,247,3,132,0.6666666666666666,0.5344129554655871,0.5066666666666666,1.2474747474747474,1.3157894736842106,75.76009192814833,3,-16.549212423156987,3,38.93697261551754,116.81091784655263,116.81091784655263,38.93697261551754,0.03773584905660377,3.7735849056603774,53,0.05660377358490566,0.0,0.0,0.9433962264150944,0.0,0.0,0.05660377358490566,0.0,1.122411175949214,signal_less_than_one_year_ago,"Правило: хуже, чем год назад",1
1,RUB->KGS,signal_less_than_one_year_ago,oot,247,3,117,0.6666666666666666,0.47368421052631576,0.49999999999999994,1.4074074074074074,1.3333333333333335,63.95329666301408,3,-14.579580383977664,3,8.230363738854033,24.6910912165621,24.6910912165621,8.230363738854033,0.03773584905660377,3.7735849056603774,53,0.05660377358490566,0.0,0.0,0.9433962264150944,0.0,0.0,0.05660377358490566,0.0,1.3440606722701949,signal_less_than_one_year_ago,"Правило: хуже, чем год назад",1
1,RUB->KZT,signal_less_than_one_year_ago,oot,247,6,142,0.6666666666666666,0.5748987854251012,0.63,1.1596244131455398,1.0582010582010581,-8.61146141035976,6,-44.26910474630211,6,82.94987244382861,386.5412799218371,386.5412799218371,99.53984693259433,0.07547169811320754,7.547169811320755,53,0.11320754716981132,0.0,0.8000000000000043,0.8867924528301887,0.0,0.0,0.11320754716981132,0.0,0.435245233706195,signal_less_than_one_year_ago,"Правило: хуже, чем год назад",1
1,RUB->TJS,signal_less_than_one_year_ago,oot,247,7,125,0.42857142857142855,0.5060728744939271,0.5371428571428571,0.8468571428571428,0.7978723404255319,-0.3955703279609111,7,-20.08107959633148,7,37.051885967544415,112.53255726415334,112.53255726415334,51.87264035456218,0.056603773584905655,5.660377358490566,53,0.1320754716981132,0.0,1.0,0.8679245283018868,0.0,0.0,0.1320754716981132,0.0,0.37251469657974995,signal_less_than_one_year_ago,"Правило: хуже, чем год назад",1
1,RUB->UZS,signal_less_than_one_year_ago,oot,247,3,136,1.0,0.5506072874493927,0.54,1.8161764705882353,1.8518518518518516,88.87701528789741,3,-6.274897008739696,3,0.0,0.0,0.0,0.0,0.056603773584905655,5.660377358490566,53,0.05660377358490566,0.0,0.0,0.9433962264150944,0.0,0.0,0.05660377358490566,0.0,2.139955632358484,signal_less_than_one_year_ago,"Правило: хуже, чем год назад",1
5,RUB->AMD,signal_less_than_one_year_ago,oot,243,3,74,0.3333333333333333,0.3045267489711934,0.2333333333333333,1.0945945945945945,1.4285714285714286,95.27587324438925,3,-24.58215713550427,3,108.85605782813131,212.99059631736174,212.99059631736174,108.85605782813131,0.019230769230769232,1.9230769230769231,52,0.057692307692307696,0.0,0.0,0.9423076923076923,0.0,0.0,0.057692307692307696,0.0,1.436380707261426,signal_less_than_one_year_ago,"Правило: хуже, чем год назад",5
5,RUB->KGS,signal_less_than_one_year_ago,oot,243,3,70,0.0,0.2880658436213992,0.28,0.0,0.0,10.380089568056874,3,-104.85571395818147,3,107.67617168833122,298.05826610085575,298.05826610085575,107.67617168833122,0.0,0.0,52,0.057692307692307696,0.0,0.0,0.9423076923076923,0.0,0.0,0.057692307692307696,0.0,0.0,signal_less_than_one_year_ago,"Правило: хуже, чем год назад",5
5,RUB->KZT,signal_less_than_one_year_ago,oot,243,6,80,0.16666666666666666,0.3292181069958848,0.3666666666666667,0.50625,0.4545454545454545,-15.512965726004476,6,-56.870445615205455,6,182.81119953397464,783.3441109716332,783.3441109716332,219.3734394407696,0.019230769230769232,1.9230769230769231,52,0.11538461538461539,0.0,0.8999999999999986,0.8846153846153846,0.0,0.0,0.11538461538461539,0.0,0.15706395380499466,signal_less_than_one_year_ago,"Правило: хуже, чем год назад",5
5,RUB->TJS,signal_less_than_one_year_ago,oot,243,7,73,0.42857142857142855,0.3004115226337449,0.3142857142857142,1.4266144814090018,1.3636363636363638,62.03902691661933,6,-36.18001432027655,7,88.9321148693724,439.55914990833065,439.55914990833065,124.50496081712137,0.05769230769230769,5.769230769230769,52,0.1346153846153846,0.0,1.0,0.8653846153846154,0.0,0.0,0.1346153846153846,0.0,0.22470105832916182,signal_less_than_one_year_ago,"Правило: хуже, чем год назад",5
5,RUB->UZS,signal_less_than_one_year_ago,oot,243,3,83,0.6666666666666666,0.34156378600823045,0.3066666666666667,1.9518072289156625,2.1739130434782603,85.40618759826368,3,-79.84286825738594,3,132.71498181543902,398.1449454463171,398.1449454463171,132.71498181543902,0.038461538461538464,3.8461538461538463,52,0.057692307692307696,0.0,0.0,0.9423076923076923,0.0,0.0,0.057692307692307696,0.0,1.2468420881191324,signal_less_than_one_year_ago,"Правило: хуже, чем год назад",5
10,RUB->AMD,signal_less_than_one_year_ago,oot,238,3,56,0.3333333333333333,0.23529411764705882,0.24666666666666665,1.4166666666666665,1.3513513513513513,-2.45378805444804,3,-120.79838848653453,3,218.65932743178348,515.4146072789989,515.4146072789989,218.65932743178348,0.0196078431372549,1.9607843137254901,51,0.058823529411764705,0.0,0.0,0.9411764705882353,0.0,0.0,0.058823529411764705,0.0,0.9258179538578969,signal_less_than_one_year_ago,"Правило: хуже, чем год назад",10
10,RUB->KGS,signal_less_than_one_year_ago,oot,238,3,53,0.0,0.22268907563025211,0.22666666666666666,0.0,0.0,43.69675394579775,3,-122.40932317639415,3,124.55048645646725,310.3899724167691,310.3899724167691,124.55048645646725,0.0,0.0,51,0.058823529411764705,0.0,0.0,0.9411764705882353,0.0,0.0,0.058823529411764705,0.0,0.0,signal_less_than_one_year_ago,"Правило: хуже, чем год назад",10
10,RUB->KZT,signal_less_than_one_year_ago,oot,238,6,65,0.16666666666666666,0.27310924369747897,0.33666666666666656,0.6102564102564103,0.49504950495049516,-42.36790085539511,6,-70.84991877824558,6,337.69119472595384,783.3441109716332,783.3441109716332,405.22943367114465,0.0196078431372549,1.9607843137254901,51,0.11764705882352941,0.0,1.0,0.8823529411764706,0.0,0.0,0.11764705882352941,0.0,0.39232455936517135,signal_less_than_one_year_ago,"Правило: хуже, чем год назад",10
10,RUB->TJS,signal_less_than_one_year_ago,oot,238,7,54,0.42857142857142855,0.226890756302521,0.21428571428571427,1.8888888888888888,2.0,200.10883284121692,6,32.70915593954112,7,88.9321148693724,439.55914990833065,439.55914990833065,124.50496081712137,0.05882352941176471,5.882352941176471,51,0.13725490196078433,0.0,1.0,0.8627450980392157,0.0,0.0,0.13725490196078433,0.0,0.2991024898949513,signal_less_than_one_year_ago,"Правило: хуже, чем год назад",10
10,RUB->UZS,signal_less_than_one_year_ago,oot,238,3,63,0.3333333333333333,0.2647058823529412,0.26,1.259259259259259,1.282051282051282,19.243512321062507,3,-162.14321140879284,3,168.69839094569554,398.1449454463171,398.1449454463171,168.69839094569554,0.0196078431372549,1.9607843137254901,51,0.058823529411764705,0.0,0.0,0.9411764705882353,0.0,0.0,0.058823529411764705,0.0,1.2292473002134743,signal_less_than_one_year_ago,"Правило: хуже, чем год назад",10
1,RUB->AMD,signal_most_recent_changes_unfavourable,oot,247,17,132,0.6470588235294118,0.5344129554655871,0.5564705882352942,1.2107843137254901,1.1627906976744187,29.743786758616608,17,-10.669628466372092,17,17.17460923802375,104.42806229556068,104.42806229556068,55.00975209549042,0.20754716981132076,20.754716981132077,53,0.32075471698113206,0.0,1.0,0.6981132075471698,0.0,0.0,0.32075471698113206,0.0,1.373370515544073,signal_most_recent_changes_unfavourable,Правило: недавние изменения плохие,1
1,RUB->KGS,signal_most_recent_changes_unfavourable,oot,247,14,117,0.6428571428571429,0.47368421052631576,0.47857142857142854,1.3571428571428574,1.3432835820895523,37.94516901441502,14,-7.847416353207022,14,16.47167516975832,80.14705342332506,80.14705342332506,46.1206904753233,0.169811320754717,16.9811320754717,53,0.2641509433962264,0.0,1.0,0.7547169811320755,0.0,0.0,0.2641509433962264,0.0,1.486041507584585,signal_most_recent_changes_unfavourable,Правило: недавние изменения плохие,1
1,RUB->KZT,signal_most_recent_changes_unfavourable,oot,247,17,142,0.7058823529411765,0.5748987854251012,0.5811764705882353,1.227837613918807,1.2145748987854252,47.20112570079721,17,0.26360399500135356,17,28.86732382040383,192.0643143323586,192.0643143323586,98.148900989373,0.22641509433962262,22.641509433962263,53,0.32075471698113206,0.0,1.0,0.6792452830188679,0.0,0.0,0.32075471698113206,0.0,1.1239307588124974,signal_most_recent_changes_unfavourable,Правило: недавние изменения плохие,1
1,RUB->TJS,signal_most_recent_changes_unfavourable,oot,247,16,125,0.625,0.5060728744939271,0.52125,1.235,1.1990407673860912,24.215785343306983,16,-7.9018184654953965,16,18.082387722458684,108.15127607544328,108.15127607544328,56.68556776913026,0.18867924528301888,18.867924528301888,53,0.3018867924528302,0.0,1.0,0.6981132075471698,0.0,0.0,0.3018867924528302,0.0,1.1662761000576474,signal_most_recent_changes_unfavourable,Правило: недавние изменения плохие,1
1,RUB->UZS,signal_most_recent_changes_unfavourable,oot,247,14,136,0.42857142857142855,0.5506072874493927,0.5542857142857143,0.7783613445378151,0.7731958762886598,-8.571368944805016,14,-20.161955862107767,14,36.24788037465687,122.99481962497083,122.99481962497083,90.84267089298636,0.11320754716981131,11.320754716981131,53,0.2641509433962264,0.0,1.0,0.7358490566037735,0.0,0.0,0.2641509433962264,0.0,0.572079109487566,signal_most_recent_changes_unfavourable,Правило: недавние изменения плохие,1
5,RUB->AMD,signal_most_recent_changes_unfavourable,oot,243,17,74,0.47058823529411764,0.3045267489711934,0.3023529411764706,1.5453100158982511,1.5564202334630348,61.217745541632894,16,-38.51998018634499,17,90.38713047379491,318.21762236646566,318.21762236646566,248.38419627795983,0.15384615384615385,15.384615384615385,52,0.3269230769230769,0.0,1.0,0.6923076923076923,0.0,0.0,0.3269230769230769,0.0,1.4209344402692194,signal_most_recent_changes_unfavourable,Правило: недавние изменения плохие,5
5,RUB->KGS,signal_most_recent_changes_unfavourable,oot,243,14,70,0.42857142857142855,0.2880658436213992,0.2842857142857143,1.4877551020408162,1.507537688442211,76.10187073640562,13,-40.868064121181845,14,71.1796345407686,338.04251550044296,338.04251550044296,181.8792213461764,0.11538461538461538,11.538461538461538,52,0.2692307692307692,0.0,1.0,0.75,0.0,0.0,0.2692307692307692,0.0,1.1436365462161273,signal_most_recent_changes_unfavourable,Правило: недавние изменения плохие,5
5,RUB->KZT,signal_most_recent_changes_unfavourable,oot,243,16,80,0.4375,0.3292181069958848,0.30125,1.32890625,1.4522821576763485,93.40554568501068,15,-8.379347321474977,16,93.60627353256282,329.8223142748147,329.8223142748147,255.93972654633876,0.1346153846153846,13.461538461538462,52,0.3076923076923077,0.0,1.0,0.6923076923076923,0.0,0.0,0.3076923076923077,0.0,1.0562769688120779,signal_most_recent_changes_unfavourable,Правило: недавние изменения плохие,5
5,RUB->TJS,signal_most_recent_changes_unfavourable,oot,243,16,73,0.3125,0.3004115226337449,0.285,1.0402397260273972,1.0964912280701755,44.185730292218835,15,-57.00771955275051,16,91.04592948939684,416.64111044533934,416.64111044533934,244.20095162167277,0.09615384615384615,9.615384615384615,52,0.3076923076923077,0.0,1.0,0.6923076923076923,0.0,0.0,0.3076923076923077,0.0,0.6737538973587781,signal_most_recent_changes_unfavourable,Правило: недавние изменения плохие,5
5,RUB->UZS,signal_most_recent_changes_unfavourable,oot,243,14,83,0.35714285714285715,0.34156378600823045,0.34285714285714286,1.0456110154905336,1.0416666666666667,28.93296826790055,13,-56.248319858577936,14,113.19215691513728,471.76150792573867,471.76150792573867,283.4359497779691,0.09615384615384615,9.615384615384615,52,0.2692307692307692,0.0,1.0,0.7307692307692307,0.0,0.0,0.2692307692307692,0.0,0.41746816939103903,signal_most_recent_changes_unfavourable,Правило: недавние изменения плохие,5
10,RUB->AMD,signal_most_recent_changes_unfavourable,oot,238,17,56,0.47058823529411764,0.23529411764705882,0.24117647058823533,2.0,1.9512195121951217,74.72692807921719,14,-33.47446761425533,15,146.23102598539467,426.6539770999112,426.6539770999112,337.2979644678252,0.1568627450980392,15.686274509803921,51,0.3333333333333333,0.0,1.0,0.6862745098039216,0.0,0.0,0.3333333333333333,0.0,1.3413312132778685,signal_most_recent_changes_unfavourable,Правило: недавние изменения плохие,10
10,RUB->KGS,signal_most_recent_changes_unfavourable,oot,238,14,53,0.35714285714285715,0.22268907563025211,0.21999999999999997,1.6037735849056602,1.6233766233766236,104.47210176824214,11,-33.6236751476387,12,127.08131797119346,371.5802280153846,371.5802280153846,268.20727520061064,0.09803921568627452,9.803921568627452,51,0.27450980392156865,0.0,1.0,0.7450980392156863,0.0,0.0,0.27450980392156865,0.0,1.105318573835191,signal_most_recent_changes_unfavourable,Правило: недавние изменения плохие,10
10,RUB->KZT,signal_most_recent_changes_unfavourable,oot,238,16,65,0.375,0.27310924369747897,0.28625,1.3730769230769233,1.3100436681222707,154.60824109180476,15,23.85513681696365,16,126.7032457069725,364.1897162440366,364.1897162440366,297.65356944416334,0.11764705882352942,11.764705882352942,51,0.3137254901960784,0.0,1.0,0.6862745098039216,0.0,0.0,0.3137254901960784,0.0,1.7827737362837919,signal_most_recent_changes_unfavourable,Правило: недавние изменения плохие,10
10,RUB->TJS,signal_most_recent_changes_unfavourable,oot,238,16,54,0.25,0.226890756302521,0.225,1.1018518518518519,1.1111111111111112,55.79945968966222,13,-57.36779715680156,14,177.44477177793627,551.3523451812641,551.3523451812641,376.97295156140683,0.0784313725490196,7.8431372549019605,51,0.3137254901960784,0.0,1.0,0.6862745098039216,0.0,0.0,0.3137254901960784,0.0,0.3437780004377574,signal_most_recent_changes_unfavourable,Правило: недавние изменения плохие,10
10,RUB->UZS,signal_most_recent_changes_unfavourable,oot,238,14,63,0.21428571428571427,0.2647058823529412,0.30999999999999994,0.8095238095238094,0.6912442396313365,69.34487235809885,13,-29.53857128393825,14,155.14372255461703,527.2118394808745,527.2118394808745,347.38897495257777,0.05882352941176471,5.882352941176471,51,0.27450980392156865,0.0,1.0,0.7254901960784313,0.0,0.0,0.27450980392156865,0.0,0.32467151406419437,signal_most_recent_changes_unfavourable,Правило: недавние изменения плохие,10
