horizon,corridor,method,split,eligible_days,signal_count,target_positives,signal_hit_rate,random_hit_rate,freq_matched_hit_rate,lift,lift_freq_matched,bps_forward,value_observations,moment_advantage_bps,regret_observations,customer_regret_bps_mean,customer_regret_bps_max,customer_regret_cvar_95_bps,customer_regret_worst_five_mean_bps,useful_signals_per_week,useful_signals_per_100_weeks,eligible_weeks,pushes_per_week,pushes_p50_per_week,pushes_p90_per_week,zero_push_week_rate,over_budget_week_rate,cluster_rate,signals_per_week,cluster_share,lift_at_risk,experiment,feature_groups
1,RUB->AMD,logreg,y2022,247,7,124,0.5714285714285714,0.5020242914979757,0.5428571428571428,1.1382488479262673,1.0526315789473684,158.26856712174273,7,-9.79840879671528,7,23.256584850842426,126.85703260659986,126.85703260659986,32.5592187911794,0.0784313725490196,7.8431372549019605,51,0.13725490196078433,0.0,1.0,0.8823529411764706,0.0,0.14285714285714285,0.13725490196078433,0.0,5.247226301689209,cbr_full_logreg,"A,B,C,E"
1,RUB->KGS,logreg,y2022,247,4,123,0.75,0.4979757085020243,0.495,1.5060975609756098,1.5151515151515151,62.68969852558732,4,21.01800744407189,4,7.689986502595891,30.759946010383565,30.759946010383565,7.689986502595891,0.05882352941176471,5.882352941176471,51,0.0784313725490196,0.0,0.0,0.9411764705882353,0.0,0.25,0.0784313725490196,0.0,2.5246242759052793,cbr_full_logreg,"A,B,C,E"
1,RUB->KZT,logreg,y2022,247,1,116,0.0,0.46963562753036436,0.52,0.0,0.0,-152.65799013785775,1,-53.58057087662682,1,155.02456397368024,155.02456397368024,155.02456397368024,155.02456397368024,0.0,0.0,51,0.0196078431372549,0.0,0.0,0.9803921568627451,0.0,0.0,0.0196078431372549,0.0,0.0,cbr_full_logreg,"A,B,C,E"
1,RUB->TJS,logreg,y2022,247,1,131,1.0,0.5303643724696356,0.54,1.8854961832061068,1.8518518518518516,33.470571964715475,1,100.2525217349759,1,0.0,0.0,0.0,0.0,0.0196078431372549,1.9607843137254901,51,0.0196078431372549,0.0,0.0,0.9803921568627451,0.0,0.0,0.0196078431372549,0.0,3.854495737361137,cbr_full_logreg,"A,B,C,E"
1,RUB->UZS,logreg,y2022,247,1,119,0.0,0.4817813765182186,0.54,0.0,0.0,-60.42370506333272,1,-35.20609862635027,1,60.79102697175598,60.79102697175598,60.79102697175598,60.79102697175598,0.0,0.0,51,0.0196078431372549,0.0,0.0,0.9803921568627451,0.0,0.0,0.0196078431372549,0.0,0.0,cbr_full_logreg,"A,B,C,E"
1,RUB->AMD,logreg,wf_oos,656,116,353,0.5344827586206896,0.538109756097561,0.5327586206896552,0.9932597440656442,1.0032362459546924,8.28820757859467,116,1.973376109902885,116,23.224339972646497,208.05986813319242,152.8409292186602,162.46462762704803,0.4492753623188406,44.927536231884055,138,0.8405797101449275,0.0,4.0,0.6884057971014492,0.15217391304347827,0.7241379310344828,0.8405797101449275,0.7241379310344828,1.6582558079287613,cbr_full_logreg,"A,B,C,E"
1,RUB->KGS,logreg,wf_oos,656,108,348,0.5462962962962963,0.5304878048780488,0.5325925925925926,1.029799914857386,1.0257301808066759,17.87562177312206,108,2.9377701782498553,108,17.62273747635391,233.42372218724483,139.09894367991504,150.43157782951155,0.427536231884058,42.7536231884058,138,0.782608695652174,0.0,3.0,0.6594202898550725,0.12318840579710146,0.6296296296296297,0.782608695652174,0.6481481481481481,1.6498267387235095,cbr_full_logreg,"A,B,C,E"
1,RUB->KZT,logreg,wf_oos,656,60,333,0.5166666666666667,0.5076219512195121,0.4993333333333333,1.017817817817818,1.0347129506008013,5.150182974865543,60,-0.9505125583962143,60,38.96783076711752,297.5341703474421,251.647756880109,214.03235485520878,0.2246376811594203,22.463768115942027,138,0.43478260869565216,0.0,1.0,0.8188405797101449,0.07246376811594203,0.6666666666666666,0.43478260869565216,0.6666666666666666,1.1736460647766016,cbr_full_logreg,"A,B,C,E"
1,RUB->TJS,logreg,wf_oos,656,87,361,0.5287356321839081,0.5503048780487805,0.5383908045977012,0.9608049161015061,0.982066609735269,5.840331674639961,87,-2.746496522120057,87,24.687484493272436,346.75179408548695,201.50975458125055,201.50975458125055,0.33333333333333337,33.333333333333336,138,0.6304347826086957,0.0,2.0,0.7246376811594203,0.08695652173913043,0.632183908045977,0.6304347826086957,0.6206896551724138,1.3408940907959235,cbr_full_logreg,"A,B,C,E"
1,RUB->UZS,logreg,wf_oos,656,78,345,0.5512820512820513,0.5259146341463414,0.532051282051282,1.0482348569305093,1.036144578313253,20.96719546585054,78,4.718420288355765,78,18.214415297279004,220.54069194042737,144.9749279710949,135.64638020748143,0.3115942028985507,31.159420289855074,138,0.5652173913043478,0.0,2.0,0.7536231884057971,0.07246376811594203,0.6153846153846154,0.5652173913043478,0.5897435897435898,1.8275258881187266,cbr_full_logreg,"A,B,C,E"
1,RUB->AMD,logreg,oot,247,21,132,0.5714285714285714,0.5344129554655871,0.5047619047619046,1.0692640692640691,1.1320754716981134,-1.0982059025402164,21,-11.642944116881727,21,35.668041341603704,126.36853859142593,121.97768864252723,110.3511478512642,0.22641509433962262,22.641509433962263,53,0.39622641509433965,0.0,1.0,0.7547169811320755,0.03773584905660377,0.38095238095238093,0.39622641509433965,0.2857142857142857,1.0462507103808936,cbr_full_logreg,"A,B,C,E"
1,RUB->KGS,logreg,oot,247,21,117,0.5714285714285714,0.47368421052631576,0.47809523809523813,1.2063492063492063,1.195219123505976,41.30681639800476,21,-13.174963227546538,21,22.697430407043854,127.95269999284153,113.96328457875859,84.13001418727183,0.22641509433962262,22.641509433962263,53,0.39622641509433965,0.0,1.0,0.7924528301886793,0.05660377358490566,0.5714285714285714,0.39622641509433965,0.47619047619047616,1.5503657447369643,cbr_full_logreg,"A,B,C,E"
1,RUB->KZT,logreg,oot,247,11,142,0.8181818181818182,0.5748987854251012,0.5490909090909091,1.4231754161331627,1.490066225165563,45.70626971825954,11,-30.209430385139072,11,25.557331794312315,218.9756070881632,218.9756070881632,56.226129947487095,0.169811320754717,16.9811320754717,53,0.20754716981132076,0.0,1.0,0.8301886792452831,0.018867924528301886,0.18181818181818182,0.20754716981132076,0.18181818181818182,1.1051930106390229,cbr_full_logreg,"A,B,C,E"
1,RUB->TJS,logreg,oot,247,29,125,0.7241379310344828,0.5060728744939271,0.5103448275862069,1.4308965517241379,1.4189189189189189,42.177634463606694,28,-9.180312993841698,29,15.27475536632947,122.4653635743067,104.8569400739996,79.37422625444592,0.3962264150943396,39.62264150943396,53,0.5471698113207547,0.0,1.8000000000000043,0.6792452830188679,0.05660377358490566,0.4482758620689655,0.5471698113207547,0.41379310344827586,1.1973936827709988,cbr_full_logreg,"A,B,C,E"
1,RUB->UZS,logreg,oot,247,19,136,0.5789473684210527,0.5506072874493927,0.5621052631578948,1.0514705882352942,1.0299625468164795,25.48954974939677,18,-26.603980870365714,18,27.634281222835966,154.76498163713882,154.76498163713882,85.77159136246549,0.20754716981132076,20.754716981132077,53,0.3584905660377358,0.0,1.8000000000000043,0.7924528301886793,0.03773584905660377,0.47368421052631576,0.3584905660377358,0.3684210526315789,1.0443769595094048,cbr_full_logreg,"A,B,C,E"
1,RUB->AMD,logreg,y2022,247,38,124,0.39473684210526316,0.5020242914979757,0.5126315789473683,0.7862903225806452,0.7700205338809036,-17.633218046888096,38,35.752804424046474,38,92.76590632720334,808.2600538011176,644.0473890793419,410.70595608303154,0.29411764705882354,29.41176470588235,51,0.7450980392156863,0.0,2.0,0.6470588235294118,0.0784313725490196,0.6578947368421053,0.7450980392156863,0.5789473684210527,2.265274046104623,all_external_logreg,"A,B,C,D,E,F"
1,RUB->KGS,logreg,y2022,247,44,123,0.45454545454545453,0.4979757085020243,0.4968181818181818,0.9127864005912787,0.9149130832570905,-26.848076016134925,44,30.92381108396665,44,151.62104642941023,831.6226786883641,686.1033872019469,600.6705804683028,0.3921568627450981,39.21568627450981,51,0.8627450980392157,0.0,3.0,0.6470588235294118,0.13725490196078433,0.6818181818181818,0.8627450980392157,0.7272727272727273,1.454477144389109,all_external_logreg,"A,B,C,D,E,F"
1,RUB->KZT,logreg,y2022,247,38,116,0.42105263157894735,0.46963562753036436,0.45315789473684215,0.896551724137931,0.9291521486643436,25.344996213525057,38,51.02069563412284,38,95.8297816801601,376.4796879203658,371.3219011271629,325.37349962190024,0.3137254901960784,31.372549019607842,51,0.7450980392156863,0.0,3.0,0.7058823529411765,0.13725490196078433,0.7105263157894737,0.7450980392156863,0.631578947368421,10.258002924474496,all_external_logreg,"A,B,C,D,E,F"
1,RUB->TJS,logreg,y2022,247,45,131,0.5111111111111111,0.5303643724696356,0.5351111111111111,0.9636980491942323,0.9551495016611296,-72.80574763738002,45,27.46814982367359,45,160.14207425250726,1591.6580820487459,1143.4604809437722,875.6173908679937,0.45098039215686275,45.09803921568628,51,0.8823529411764706,0.0,3.0,0.6666666666666666,0.1568627450980392,0.7111111111111111,0.8823529411764706,0.6444444444444445,1.2880097028812563,all_external_logreg,"A,B,C,D,E,F"
1,RUB->UZS,logreg,y2022,247,50,119,0.32,0.4817813765182186,0.4920000000000001,0.6642016806722689,0.6504065040650405,-63.68213865413928,50,26.345842867040783,50,131.76010898080466,848.1230869016821,739.5245447545914,597.1256002221305,0.3137254901960784,31.372549019607842,51,0.9803921568627451,0.0,4.0,0.6274509803921569,0.17647058823529413,0.76,0.9803921568627451,0.66,1.0501043942930204,all_external_logreg,"A,B,C,D,E,F"
1,RUB->AMD,logreg,wf_oos,656,1,353,1.0,0.538109756097561,0.6,1.8583569405099152,1.6666666666666667,29.333846274908204,1,59.78975224339101,1,0.0,0.0,0.0,0.0,0.007246376811594203,0.7246376811594203,138,0.007246376811594203,0.0,0.0,0.9927536231884058,0.0,0.0,0.007246376811594203,0.0,1.4389268629447487,all_external_logreg,"A,B,C,D,E,F"
1,RUB->KGS,logreg,wf_oos,656,2,348,0.5,0.5304878048780488,0.56,0.9425287356321839,0.8928571428571428,-22.209731498076813,2,18.386782288289936,2,54.838497095677226,109.67699419135445,109.67699419135445,54.838497095677226,0.007246376811594203,0.7246376811594203,138,0.014492753623188406,0.0,0.0,0.9855072463768116,0.0,0.0,0.014492753623188406,0.0,0.5828270461747359,all_external_logreg,"A,B,C,D,E,F"
1,RUB->KZT,logreg,wf_oos,656,2,333,0.5,0.5076219512195121,0.54,0.9849849849849851,0.9259259259259258,-70.66104333425416,2,27.70122755439142,2,87.88934872576814,175.7786974515363,175.7786974515363,87.88934872576814,0.007246376811594203,0.7246376811594203,138,0.014492753623188406,0.0,0.0,0.9927536231884058,0.0,0.5,0.014492753623188406,0.5,0.2563371050460058,all_external_logreg,"A,B,C,D,E,F"
1,RUB->TJS,logreg,wf_oos,656,5,361,0.8,0.5503048780487805,0.556,1.4537396121883657,1.4388489208633093,12.565824545670125,5,14.258543639676045,5,31.838728764640667,159.19364382320333,159.19364382320333,31.838728764640667,0.028985507246376812,2.898550724637681,138,0.036231884057971016,0.0,0.0,0.9927536231884058,0.007246376811594203,0.8,0.036231884057971016,0.8,0.9999999999999999,all_external_logreg,"A,B,C,D,E,F"
1,RUB->UZS,logreg,wf_oos,656,2,345,0.0,0.5259146341463414,0.5,0.0,0.0,-142.19711143006464,2,-27.00114360731254,2,144.2637935960067,156.80854853072245,156.80854853072245,144.2637935960067,0.0,0.0,138,0.014492753623188406,0.0,0.0,0.9855072463768116,0.0,0.5,0.014492753623188406,0.5,0.0,all_external_logreg,"A,B,C,D,E,F"
1,RUB->AMD,logreg,oot,247,0,132,,0.5344129554655871,,,,,0,,0,,,,,0.0,0.0,53,0.0,0.0,0.0,1.0,0.0,,0.0,,,all_external_logreg,"A,B,C,D,E,F"
1,RUB->KGS,logreg,oot,247,0,117,,0.47368421052631576,,,,,0,,0,,,,,0.0,0.0,53,0.0,0.0,0.0,1.0,0.0,,0.0,,,all_external_logreg,"A,B,C,D,E,F"
1,RUB->KZT,logreg,oot,247,0,142,,0.5748987854251012,,,,,0,,0,,,,,0.0,0.0,53,0.0,0.0,0.0,1.0,0.0,,0.0,,,all_external_logreg,"A,B,C,D,E,F"
1,RUB->TJS,logreg,oot,247,0,125,,0.5060728744939271,,,,,0,,0,,,,,0.0,0.0,53,0.0,0.0,0.0,1.0,0.0,,0.0,,,all_external_logreg,"A,B,C,D,E,F"
1,RUB->UZS,logreg,oot,247,0,136,,0.5506072874493927,,,,,0,,0,,,,,0.0,0.0,53,0.0,0.0,0.0,1.0,0.0,,0.0,,,all_external_logreg,"A,B,C,D,E,F"
3,RUB->AMD,logreg,y2022,247,1,85,1.0,0.3441295546558704,0.42,2.905882352941177,2.380952380952381,132.41526554576888,1,47.727324716915206,1,0.0,0.0,0.0,0.0,0.0196078431372549,1.9607843137254901,51,0.0196078431372549,0.0,0.0,0.9803921568627451,0.0,0.0,0.0196078431372549,0.0,2.8870656533235457,cbr_full_logreg,"A,B,C,E"
3,RUB->KGS,logreg,y2022,247,1,84,1.0,0.340080971659919,0.3,2.9404761904761907,3.3333333333333335,125.35907106458578,1,51.39821569571046,1,0.0,0.0,0.0,0.0,0.0196078431372549,1.9607843137254901,51,0.0196078431372549,0.0,0.0,0.9803921568627451,0.0,0.0,0.0196078431372549,0.0,3.6256194891620246,cbr_full_logreg,"A,B,C,E"
3,RUB->KZT,logreg,y2022,247,0,75,,0.30364372469635625,,,,,0,,0,,,,,0.0,0.0,51,0.0,0.0,0.0,1.0,0.0,,0.0,,,cbr_full_logreg,"A,B,C,E"
3,RUB->TJS,logreg,y2022,247,1,87,1.0,0.3522267206477733,0.34,2.839080459770115,2.941176470588235,133.264446730621,1,54.63014586472692,1,0.0,0.0,0.0,0.0,0.0196078431372549,1.9607843137254901,51,0.0196078431372549,0.0,0.0,0.9803921568627451,0.0,0.0,0.0196078431372549,0.0,3.973452950023221,cbr_full_logreg,"A,B,C,E"
3,RUB->UZS,logreg,y2022,247,0,79,,0.31983805668016196,,,,,0,,0,,,,,0.0,0.0,51,0.0,0.0,0.0,1.0,0.0,,0.0,,,cbr_full_logreg,"A,B,C,E"
3,RUB->AMD,logreg,wf_oos,656,93,255,0.3870967741935484,0.38871951219512196,0.37612903225806454,0.9958254269449714,1.0291595197255574,17.80232123835413,92,25.60064734439335,93,74.09302012825064,395.2986617178889,352.7316655462274,352.7316655462274,0.2608695652173913,26.08695652173913,138,0.6739130434782609,0.0,3.299999999999997,0.7971014492753623,0.14492753623188406,0.8064516129032258,0.6739130434782609,0.8279569892473119,1.552539596676726,cbr_full_logreg,"A,B,C,E"
3,RUB->KGS,logreg,wf_oos,656,95,252,0.42105263157894735,0.38414634146341464,0.38042105263157894,1.0960735171261486,1.1068068622025455,21.09642633403716,94,22.09157855703177,95,64.49210150481018,383.31541467117927,326.14820738646654,326.1482073864666,0.2898550724637681,28.985507246376812,138,0.6884057971014492,0.0,3.0,0.782608695652174,0.15217391304347827,0.7789473684210526,0.6884057971014492,0.8,1.4620919105153474,cbr_full_logreg,"A,B,C,E"
3,RUB->KZT,logreg,wf_oos,656,91,222,0.3516483516483517,0.3384146341463415,0.3408791208791208,1.0391050391050392,1.0315925209542234,11.074320012323577,90,12.429644040961152,91,83.16355928314889,455.24663241385264,380.3077958962398,380.3077958962398,0.2318840579710145,23.18840579710145,138,0.6594202898550725,0.0,3.299999999999997,0.7971014492753623,0.13043478260869565,0.8021978021978022,0.6594202898550725,0.7912087912087912,1.2585866803234067,cbr_full_logreg,"A,B,C,E"
3,RUB->TJS,logreg,wf_oos,656,79,266,0.379746835443038,0.4054878048780488,0.4040506329113924,0.9365185114685448,0.9398496240601504,8.765970781564503,78,21.314182757535157,79,72.27129771228256,408.38999497077697,369.00084357321674,363.02706171410114,0.21739130434782608,21.73913043478261,138,0.572463768115942,0.0,3.0,0.8043478260869565,0.10869565217391304,0.759493670886076,0.572463768115942,0.7721518987341772,1.4124356379202716,cbr_full_logreg,"A,B,C,E"
3,RUB->UZS,logreg,wf_oos,656,94,247,0.40425531914893614,0.37652439024390244,0.3755319148936169,1.0736497545008183,1.076487252124646,19.877519581844517,93,20.220561860582507,94,66.61732291820671,431.576218612848,356.0794008885222,356.0794008885222,0.2753623188405797,27.536231884057973,138,0.6811594202898551,0.0,4.0,0.8115942028985508,0.14492753623188406,0.8297872340425532,0.6811594202898551,0.8297872340425532,1.171201039135392,cbr_full_logreg,"A,B,C,E"
3,RUB->AMD,logreg,oot,245,0,92,,0.37551020408163266,,,,,0,,0,,,,,0.0,0.0,52,0.0,0.0,0.0,1.0,0.0,,0.0,,,cbr_full_logreg,"A,B,C,E"
3,RUB->KGS,logreg,oot,245,0,87,,0.3551020408163265,,,,,0,,0,,,,,0.0,0.0,52,0.0,0.0,0.0,1.0,0.0,,0.0,,,cbr_full_logreg,"A,B,C,E"
3,RUB->KZT,logreg,oot,245,0,94,,0.3836734693877551,,,,,0,,0,,,,,0.0,0.0,52,0.0,0.0,0.0,1.0,0.0,,0.0,,,cbr_full_logreg,"A,B,C,E"
3,RUB->TJS,logreg,oot,245,0,91,,0.37142857142857144,,,,,0,,0,,,,,0.0,0.0,52,0.0,0.0,0.0,1.0,0.0,,0.0,,,cbr_full_logreg,"A,B,C,E"
3,RUB->UZS,logreg,oot,245,0,96,,0.39183673469387753,,,,,0,,0,,,,,0.0,0.0,52,0.0,0.0,0.0,1.0,0.0,,0.0,,,cbr_full_logreg,"A,B,C,E"
3,RUB->AMD,logreg,y2022,247,14,85,0.21428571428571427,0.3441295546558704,0.3471428571428571,0.6226890756302521,0.617283950617284,-74.27524044879121,14,108.55160451959429,14,235.23484680192337,1099.1172937305228,1099.1172937305228,579.8537965840453,0.05882352941176471,5.882352941176471,51,0.27450980392156865,0.0,1.0,0.8627450980392157,0.0392156862745098,0.5,0.27450980392156865,0.5,2.1269862340518513,all_external_logreg,"A,B,C,D,E,F"
3,RUB->KGS,logreg,y2022,247,20,84,0.3,0.340080971659919,0.3550000000000001,0.8821428571428571,0.845070422535211,77.66657467182854,20,218.4901365666151,20,325.7538670026703,878.7567305226895,878.7567305226895,713.1912596795203,0.11764705882352942,11.764705882352942,51,0.39215686274509803,0.0,2.0,0.8235294117647058,0.058823529411764705,0.55,0.39215686274509803,0.55,127.89593845065524,all_external_logreg,"A,B,C,D,E,F"
3,RUB->KZT,logreg,y2022,247,17,75,0.17647058823529413,0.30364372469635625,0.2917647058823529,0.5811764705882354,0.6048387096774194,-38.987027657315075,17,146.0960658717154,17,270.5982052881637,758.4487582918653,758.4487582918653,637.2722138524014,0.05882352941176471,5.882352941176471,51,0.3333333333333333,0.0,1.0,0.7843137254901961,0.0196078431372549,0.29411764705882354,0.3333333333333333,0.29411764705882354,6.334232591475363,all_external_logreg,"A,B,C,D,E,F"
3,RUB->TJS,logreg,y2022,247,20,87,0.25,0.3522267206477733,0.349,0.7097701149425287,0.7163323782234957,-140.51801998761124,20,143.52980208908315,20,388.1187898188326,1678.1682660634933,1678.1682660634933,1130.85764497652,0.09803921568627452,9.803921568627452,51,0.39215686274509803,0.0,2.0,0.803921568627451,0.058823529411764705,0.55,0.39215686274509803,0.5,24.52129821062932,all_external_logreg,"A,B,C,D,E,F"
3,RUB->UZS,logreg,y2022,247,20,79,0.1,0.31983805668016196,0.335,0.31265822784810127,0.29850746268656714,-158.87098967079143,20,104.05804679696534,20,363.6499565453427,1069.0091031248871,1069.0091031248871,862.6275633699408,0.0392156862745098,3.9215686274509802,51,0.39215686274509803,0.0,2.0,0.8235294117647058,0.058823529411764705,0.65,0.39215686274509803,0.55,3.4627669502768224,all_external_logreg,"A,B,C,D,E,F"
3,RUB->AMD,logreg,wf_oos,656,30,255,0.43333333333333335,0.38871951219512196,0.3653333333333333,1.1147712418300653,1.1861313868613141,4.497982250439666,30,9.529619176093222,30,60.15894899585598,354.15876193781946,305.00093519183815,218.45955918141243,0.09420289855072463,9.420289855072463,138,0.21739130434782608,0.0,1.0,0.8768115942028986,0.021739130434782608,0.5333333333333333,0.21739130434782608,0.4666666666666667,1.1750092439819433,all_external_logreg,"A,B,C,D,E,F"
3,RUB->KGS,logreg,wf_oos,656,20,252,0.4,0.38414634146341464,0.38300000000000006,1.0412698412698413,1.0443864229765012,-26.820805959038076,19,0.9709363683861236,19,84.26587221053934,403.3610509398367,403.3610509398367,229.71064561489297,0.057971014492753624,5.797101449275362,138,0.14492753623188406,0.0,0.0,0.9057971014492754,0.007246376811594203,0.4,0.14492753623188406,0.35,2.5165340623365386,all_external_logreg,"A,B,C,D,E,F"
3,RUB->KZT,logreg,wf_oos,656,20,222,0.4,0.3384146341463415,0.349,1.181981981981982,1.1461318051575933,25.56171667942042,20,43.06771075069826,20,71.95122387425768,419.7339328024641,419.7339328024641,194.1827925782662,0.057971014492753624,5.797101449275362,138,0.14492753623188406,0.0,0.0,0.9202898550724637,0.014492753623188406,0.5,0.14492753623188406,0.5,1.6011240382573415,all_external_logreg,"A,B,C,D,E,F"
3,RUB->TJS,logreg,wf_oos,656,27,266,0.4444444444444444,0.4054878048780488,0.42,1.0960735171261486,1.0582010582010581,16.49478070715085,26,14.561043394955478,26,59.514375643970034,394.8988344240822,277.04623912364275,189.44444398331538,0.08695652173913043,8.695652173913043,138,0.1956521739130435,0.0,0.0,0.9130434782608695,0.021739130434782608,0.6666666666666666,0.1956521739130435,0.6296296296296297,2.8417013925560446,all_external_logreg,"A,B,C,D,E,F"
3,RUB->UZS,logreg,wf_oos,656,29,247,0.3793103448275862,0.37652439024390244,0.3703448275862069,1.0073991344408766,1.0242085661080074,-11.775935295547448,27,3.527718666126854,27,83.59118635173847,422.83595778486836,356.7145060517573,261.6613674172301,0.07971014492753623,7.971014492753623,138,0.21014492753623187,0.0,1.0,0.8840579710144928,0.021739130434782608,0.5862068965517241,0.21014492753623187,0.5862068965517241,1.9591558120216255,all_external_logreg,"A,B,C,D,E,F"
3,RUB->AMD,logreg,oot,245,0,92,,0.37551020408163266,,,,,0,,0,,,,,0.0,0.0,52,0.0,0.0,0.0,1.0,0.0,,0.0,,,all_external_logreg,"A,B,C,D,E,F"
3,RUB->KGS,logreg,oot,245,0,87,,0.3551020408163265,,,,,0,,0,,,,,0.0,0.0,52,0.0,0.0,0.0,1.0,0.0,,0.0,,,all_external_logreg,"A,B,C,D,E,F"
3,RUB->KZT,logreg,oot,245,0,94,,0.3836734693877551,,,,,0,,0,,,,,0.0,0.0,52,0.0,0.0,0.0,1.0,0.0,,0.0,,,all_external_logreg,"A,B,C,D,E,F"
3,RUB->TJS,logreg,oot,245,0,91,,0.37142857142857144,,,,,0,,0,,,,,0.0,0.0,52,0.0,0.0,0.0,1.0,0.0,,0.0,,,all_external_logreg,"A,B,C,D,E,F"
3,RUB->UZS,logreg,oot,245,0,96,,0.39183673469387753,,,,,0,,0,,,,,0.0,0.0,52,0.0,0.0,0.0,1.0,0.0,,0.0,,,all_external_logreg,"A,B,C,D,E,F"
5,RUB->AMD,logreg,y2022,247,1,72,1.0,0.291497975708502,0.36,3.430555555555556,2.7777777777777777,131.11289031224825,1,65.9261955018553,1,0.0,0.0,0.0,0.0,0.0196078431372549,1.9607843137254901,51,0.0196078431372549,0.0,0.0,0.9803921568627451,0.0,0.0,0.0196078431372549,0.0,2.733927933361055,cbr_full_logreg,"A,B,C,E"
5,RUB->KGS,logreg,y2022,247,1,65,1.0,0.2631578947368421,0.3,3.8000000000000003,3.3333333333333335,116.35373090767675,1,72.96223935703506,1,0.0,0.0,0.0,0.0,0.0196078431372549,1.9607843137254901,51,0.0196078431372549,0.0,0.0,0.9803921568627451,0.0,0.0,0.0196078431372549,0.0,3.3949809342037844,cbr_full_logreg,"A,B,C,E"
5,RUB->KZT,logreg,y2022,247,0,64,,0.2591093117408907,,,,,0,,0,,,,,0.0,0.0,51,0.0,0.0,0.0,1.0,0.0,,0.0,,,cbr_full_logreg,"A,B,C,E"
5,RUB->TJS,logreg,y2022,247,1,77,1.0,0.3117408906882591,0.34,3.207792207792208,2.941176470588235,124.6435796129819,1,76.79769864338937,1,0.0,0.0,0.0,0.0,0.0196078431372549,1.9607843137254901,51,0.0196078431372549,0.0,0.0,0.9803921568627451,0.0,0.0,0.0196078431372549,0.0,3.6740864176234145,cbr_full_logreg,"A,B,C,E"
5,RUB->UZS,logreg,y2022,247,3,65,0.3333333333333333,0.2631578947368421,0.21999999999999997,1.2666666666666666,1.5151515151515154,-227.68127873273684,3,251.04668897078332,3,477.0674453927588,1133.28811893878,1133.28811893878,477.0674453927588,0.0196078431372549,1.9607843137254901,51,0.058823529411764705,0.0,0.0,0.9411764705882353,0.0,0.0,0.058823529411764705,0.0,28.776085052468133,cbr_full_logreg,"A,B,C,E"
5,RUB->AMD,logreg,wf_oos,656,13,215,0.38461538461538464,0.3277439024390244,0.32769230769230767,1.1735241502683362,1.1737089201877935,0.7810627961011763,11,40.400948904343814,11,112.12816906013744,423.1545354516775,423.1545354516775,241.46495843056746,0.036231884057971016,3.6231884057971016,138,0.09420289855072464,0.0,0.0,0.9202898550724637,0.0,0.15384615384615385,0.09420289855072464,0.07692307692307693,1.188403035849955,cbr_full_logreg,"A,B,C,E"
5,RUB->KGS,logreg,wf_oos,656,14,215,0.21428571428571427,0.3277439024390244,0.35857142857142854,0.6538205980066445,0.5976095617529881,-21.168632172688707,10,25.266858436056914,10,176.90639552117244,771.37600464801,771.37600464801,336.45310677027936,0.021739130434782608,2.1739130434782608,138,0.10144927536231885,0.0,0.0,0.927536231884058,0.007246376811594203,0.2857142857142857,0.10144927536231885,0.21428571428571427,0.14890254426637245,cbr_full_logreg,"A,B,C,E"
5,RUB->KZT,logreg,wf_oos,656,7,183,0.2857142857142857,0.27896341463414637,0.28,1.0241998438719748,1.020408163265306,36.10348278412873,7,64.79725775650654,7,72.90719351219752,241.01980634824827,241.01980634824827,102.07007091707654,0.014492753623188406,1.4492753623188406,138,0.050724637681159424,0.0,0.0,0.9492753623188406,0.0,0.0,0.050724637681159424,0.0,3.705178595187971,cbr_full_logreg,"A,B,C,E"
5,RUB->TJS,logreg,wf_oos,656,27,230,0.4074074074074074,0.35060975609756095,0.3385185185185185,1.1619967793880837,1.2035010940919038,17.468090733982333,26,5.1406156147250694,26,128.6983375611216,770.8822510256064,576.9339856370082,437.4378847558296,0.07971014492753623,7.971014492753623,138,0.1956521739130435,0.0,0.0,0.9057971014492754,0.036231884057971016,0.5925925925925926,0.1956521739130435,0.5185185185185185,0.8371211735708863,cbr_full_logreg,"A,B,C,E"
5,RUB->UZS,logreg,wf_oos,656,15,204,0.2,0.31097560975609756,0.324,0.6431372549019608,0.6172839506172839,-0.02792060467811363,11,35.487348957316385,11,100.65121482830635,320.0965554460544,320.0965554460544,194.26333639051398,0.021739130434782608,2.1739130434782608,138,0.10869565217391304,0.0,0.0,0.927536231884058,0.007246376811594203,0.3333333333333333,0.10869565217391304,0.2,1.318706632378192,cbr_full_logreg,"A,B,C,E"
5,RUB->AMD,logreg,oot,243,15,74,0.2,0.3045267489711934,0.308,0.6567567567567568,0.6493506493506493,1.3148564879235096,15,-2.1068939210274378,15,91.74627445073097,323.82932817861973,323.82932817861973,212.84111299588693,0.05769230769230769,5.769230769230769,52,0.28846153846153844,0.0,1.0,0.8076923076923077,0.019230769230769232,0.3333333333333333,0.28846153846153844,0.26666666666666666,0.5563436611636335,cbr_full_logreg,"A,B,C,E"
5,RUB->KGS,logreg,oot,243,25,70,0.28,0.2880658436213992,0.2976,0.972,0.9408602150537636,31.694372795524828,22,-28.72476043589195,22,134.5968984088358,510.4106968162836,458.39242243843944,378.74323484507096,0.1346153846153846,13.461538461538462,52,0.4807692307692308,0.0,2.0,0.7692307692307693,0.057692307692307696,0.6,0.4807692307692308,0.56,0.7085469383885998,cbr_full_logreg,"A,B,C,E"
5,RUB->KZT,logreg,oot,243,9,80,0.3333333333333333,0.3292181069958848,0.37111111111111106,1.0125,0.8982035928143713,135.42004920684454,9,5.998173117848596,9,91.68142600594855,326.17315685845585,326.17315685845585,157.67489600351283,0.05769230769230769,5.769230769230769,52,0.17307692307692307,0.0,1.0,0.8653846153846154,0.019230769230769232,0.2222222222222222,0.17307692307692307,0.2222222222222222,1.0851862590890524,cbr_full_logreg,"A,B,C,E"
5,RUB->TJS,logreg,oot,243,44,73,0.3409090909090909,0.3004115226337449,0.2986363636363636,1.1348069738480695,1.1415525114155252,46.4207415567884,38,-13.576784614979212,43,90.34184167724918,434.4332326119771,415.62035808274146,361.2015757437624,0.2884615384615385,28.846153846153847,52,0.8461538461538461,0.0,2.0,0.5769230769230769,0.09615384615384616,0.5909090909090909,0.8461538461538461,0.5454545454545454,0.8087627869572546,cbr_full_logreg,"A,B,C,E"
5,RUB->UZS,logreg,oot,243,23,83,0.34782608695652173,0.34156378600823045,0.3295652173913044,1.0183342063907805,1.055408970976253,42.02307978118047,21,-31.2257447464412,21,119.9105002180383,492.61432862483633,440.6899525918517,323.1251896940872,0.15384615384615385,15.384615384615385,52,0.4423076923076923,0.0,2.0,0.7692307692307693,0.038461538461538464,0.4782608695652174,0.4423076923076923,0.43478260869565216,0.894844477739892,cbr_full_logreg,"A,B,C,E"
5,RUB->AMD,logreg,y2022,247,9,72,0.1111111111111111,0.291497975708502,0.30444444444444446,0.38117283950617287,0.364963503649635,-156.8172580934129,9,260.4572466236077,9,486.03644054530497,1099.1172937305228,1099.1172937305228,749.5021812420224,0.0196078431372549,1.9607843137254901,51,0.17647058823529413,0.0,1.0,0.8823529411764706,0.0196078431372549,0.3333333333333333,0.17647058823529413,0.3333333333333333,4.222739640134958,all_external_logreg,"A,B,C,D,E,F"
5,RUB->KGS,logreg,y2022,247,12,65,0.0,0.2631578947368421,0.25499999999999995,0.0,0.0,-37.497396636995425,12,334.70715766717126,12,517.1164865069707,1021.2682301905774,1021.2682301905774,779.0210555833482,0.0,0.0,51,0.23529411764705882,0.0,0.0,0.9019607843137255,0.058823529411764705,0.5833333333333334,0.23529411764705882,0.5833333333333334,0.0,all_external_logreg,"A,B,C,D,E,F"
5,RUB->KZT,logreg,y2022,247,10,64,0.1,0.2591093117408907,0.24400000000000002,0.38593750000000004,0.4098360655737705,-26.309455742666096,10,236.562970931002,10,453.1968412949701,1102.4934646006025,1102.4934646006025,668.5474075333686,0.0196078431372549,1.9607843137254901,51,0.19607843137254902,0.0,1.0,0.8823529411764706,0.0196078431372549,0.5,0.19607843137254902,0.5,2.9873332954931437,all_external_logreg,"A,B,C,D,E,F"
5,RUB->TJS,logreg,y2022,247,13,77,0.07692307692307693,0.3117408906882591,0.29846153846153844,0.24675324675324678,0.2577319587628866,-426.80863135761007,13,112.15642281635868,13,1140.3575439402907,2501.98750709824,2501.98750709824,1943.30034655692,0.0196078431372549,1.9607843137254901,51,0.2549019607843137,0.0,1.0,0.8627450980392157,0.0392156862745098,0.5384615384615384,0.2549019607843137,0.46153846153846156,3.1546994753349646,all_external_logreg,"A,B,C,D,E,F"
5,RUB->UZS,logreg,y2022,247,16,65,0.0625,0.2631578947368421,0.25625,0.23750000000000002,0.24390243902439027,-397.4162770926546,16,186.20045440479882,16,884.3645586907146,1989.9146573734772,1989.9146573734772,1513.8171347776085,0.0196078431372549,1.9607843137254901,51,0.3137254901960784,0.0,1.0,0.8627450980392157,0.058823529411764705,0.6875,0.3137254901960784,0.6875,3.4464855186426635,all_external_logreg,"A,B,C,D,E,F"
5,RUB->AMD,logreg,wf_oos,656,126,215,0.3412698412698413,0.3277439024390244,0.32825396825396824,1.0412698412698413,1.0396518375241781,28.585287393941105,122,39.9286284183279,126,102.69330013424621,614.7246236867377,485.54843992081953,525.3980068946489,0.3115942028985507,31.159420289855074,138,0.9130434782608695,0.0,4.0,0.717391304347826,0.17391304347826086,0.7936507936507936,0.9130434782608695,0.8095238095238095,1.497344796351541,all_external_logreg,"A,B,C,D,E,F"
5,RUB->KGS,logreg,wf_oos,656,118,215,0.3474576271186441,0.3277439024390244,0.31898305084745765,1.060149783208514,1.0892667375132836,25.761480950167186,114,32.96678528337339,118,102.58376205457276,812.0986469953051,535.6828645717397,562.1472272981204,0.2971014492753623,29.71014492753623,138,0.855072463768116,0.0,4.0,0.6884057971014492,0.15942028985507245,0.711864406779661,0.855072463768116,0.7288135593220338,1.294538538737163,all_external_logreg,"A,B,C,D,E,F"
5,RUB->KZT,logreg,wf_oos,656,123,183,0.3089430894308943,0.27896341463414637,0.27219512195121953,1.1074681238615665,1.135005973715651,25.774451181310887,119,39.40060560604774,123,115.69420694563968,632.8268289424077,491.55087103911507,519.8889955264092,0.2753623188405797,27.536231884057973,138,0.8913043478260869,0.0,4.0,0.6884057971014492,0.16666666666666666,0.7642276422764228,0.8913043478260869,0.7642276422764228,1.9294161623924186,all_external_logreg,"A,B,C,D,E,F"
5,RUB->TJS,logreg,wf_oos,656,109,230,0.3119266055045872,0.35060975609756095,0.34440366972477066,0.8896689270043878,0.9057005860415557,20.400906188101708,105,39.31025075293061,109,103.00028945591453,764.3914649765837,478.9870688287786,502.96667340013994,0.24637681159420288,24.63768115942029,138,0.7898550724637681,0.0,4.0,0.717391304347826,0.13768115942028986,0.7247706422018348,0.7898550724637681,0.7339449541284404,1.5043660132647836,all_external_logreg,"A,B,C,D,E,F"
5,RUB->UZS,logreg,wf_oos,656,127,204,0.3464566929133858,0.31097560975609756,0.3072440944881889,1.1140960321136328,1.1276268580215276,24.27748617514935,123,35.14910101029939,127,101.21707687083365,766.9902319155964,486.3495008048511,528.0103466697979,0.3188405797101449,31.884057971014492,138,0.9202898550724637,0.0,4.0,0.6956521739130435,0.17391304347826086,0.7874015748031497,0.9202898550724637,0.7874015748031497,1.3579784115332334,all_external_logreg,"A,B,C,D,E,F"
5,RUB->AMD,logreg,oot,243,0,74,,0.3045267489711934,,,,,0,,0,,,,,0.0,0.0,52,0.0,0.0,0.0,1.0,0.0,,0.0,,,all_external_logreg,"A,B,C,D,E,F"
5,RUB->KGS,logreg,oot,243,0,70,,0.2880658436213992,,,,,0,,0,,,,,0.0,0.0,52,0.0,0.0,0.0,1.0,0.0,,0.0,,,all_external_logreg,"A,B,C,D,E,F"
5,RUB->KZT,logreg,oot,243,0,80,,0.3292181069958848,,,,,0,,0,,,,,0.0,0.0,52,0.0,0.0,0.0,1.0,0.0,,0.0,,,all_external_logreg,"A,B,C,D,E,F"
5,RUB->TJS,logreg,oot,243,0,73,,0.3004115226337449,,,,,0,,0,,,,,0.0,0.0,52,0.0,0.0,0.0,1.0,0.0,,0.0,,,all_external_logreg,"A,B,C,D,E,F"
5,RUB->UZS,logreg,oot,243,0,83,,0.34156378600823045,,,,,0,,0,,,,,0.0,0.0,52,0.0,0.0,0.0,1.0,0.0,,0.0,,,all_external_logreg,"A,B,C,D,E,F"
10,RUB->AMD,logreg,y2022,247,4,59,0.25,0.2388663967611336,0.24,1.0466101694915253,1.0416666666666667,11.821603875489245,4,212.0104763631883,4,553.7997490421003,2154.35554905911,2154.35554905911,553.7997490421003,0.0196078431372549,1.9607843137254901,51,0.0784313725490196,0.0,0.0,0.9607843137254902,0.0196078431372549,0.5,0.0784313725490196,0.25,0.0068800169489784705,cbr_full_logreg,"A,B,C,E"
10,RUB->KGS,logreg,y2022,247,2,51,0.5,0.20647773279352227,0.2,2.4215686274509802,2.5,503.77888674662637,2,350.31920548619917,2,5.681702081284934,11.363404162569868,11.363404162569868,5.681702081284934,0.0196078431372549,1.9607843137254901,51,0.0392156862745098,0.0,0.0,0.9803921568627451,0.0,0.5,0.0392156862745098,0.0,2.722957120834828,cbr_full_logreg,"A,B,C,E"
10,RUB->KZT,logreg,y2022,247,0,51,,0.20647773279352227,,,,,0,,0,,,,,0.0,0.0,51,0.0,0.0,0.0,1.0,0.0,,0.0,,,cbr_full_logreg,"A,B,C,E"
10,RUB->TJS,logreg,y2022,247,3,57,0.3333333333333333,0.23076923076923078,0.26666666666666666,1.4444444444444442,1.25,452.058515484534,3,342.60210620320254,3,125.6920929345003,366.7220899672818,366.7220899672818,125.6920929345003,0.0196078431372549,1.9607843137254901,51,0.058823529411764705,0.0,0.0,0.9607843137254902,0.0,0.3333333333333333,0.058823529411764705,0.0,4.447139164283819,cbr_full_logreg,"A,B,C,E"
10,RUB->UZS,logreg,y2022,247,4,51,0.25,0.20647773279352227,0.195,1.2107843137254901,1.282051282051282,-292.8405389973509,4,288.32051442058196,4,1207.5916727650783,2434.6699312440646,2434.6699312440646,1207.591672765078,0.0196078431372549,1.9607843137254901,51,0.0784313725490196,0.0,0.0,0.9411764705882353,0.0,0.25,0.0784313725490196,0.0,1.7053031455788488,cbr_full_logreg,"A,B,C,E"
10,RUB->AMD,logreg,wf_oos,656,62,174,0.14516129032258066,0.2652439024390244,0.2706451612903226,0.5472747497219133,0.536352800953516,-36.77039521860241,60,39.19480616937228,60,204.42835968373072,967.733277266567,920.3131331620058,784.0848541360259,0.06521739130434782,6.521739130434782,138,0.4492753623188406,0.0,2.0,0.8043478260869565,0.07246376811594203,0.6451612903225806,0.4492753623188406,0.5806451612903226,1.0112062168674985,cbr_full_logreg,"A,B,C,E"
10,RUB->KGS,logreg,wf_oos,656,34,167,0.08823529411764706,0.2545731707317073,0.27294117647058824,0.34660091581542796,0.3232758620689655,-47.55885588036113,32,54.63803376726271,32,259.91428331038304,1033.0189147102287,964.4937416051991,755.9436009078265,0.021739130434782608,2.1739130434782608,138,0.2463768115942029,0.0,1.0,0.8768115942028986,0.036231884057971016,0.5294117647058824,0.2463768115942029,0.47058823529411764,0.32512212852558425,cbr_full_logreg,"A,B,C,E"
10,RUB->KZT,logreg,wf_oos,656,35,137,0.02857142857142857,0.20884146341463414,0.21142857142857138,0.1368091762252346,0.13513513513513517,-44.70934363339509,35,27.681155408468697,35,239.75622794934165,948.5234237709483,844.6700144936947,712.1036993736536,0.007246376811594203,0.7246376811594203,138,0.2536231884057971,0.0,1.0,0.8623188405797102,0.036231884057971016,0.45714285714285713,0.2536231884057971,0.42857142857142855,0.30590352335829646,cbr_full_logreg,"A,B,C,E"
10,RUB->TJS,logreg,wf_oos,656,33,180,0.21212121212121213,0.27439024390243905,0.28848484848484846,0.773063973063973,0.7352941176470589,5.845034818088622,32,80.0159556974231,32,237.00819759842813,1043.488630942917,989.7586639243061,771.0091472874003,0.050724637681159424,5.072463768115942,138,0.2391304347826087,0.0,1.0,0.8768115942028986,0.021739130434782608,0.5454545454545454,0.2391304347826087,0.5454545454545454,0.9174357721709782,cbr_full_logreg,"A,B,C,E"
10,RUB->UZS,logreg,wf_oos,656,30,156,0.13333333333333333,0.23780487804878048,0.2466666666666667,0.5606837606837607,0.5405405405405405,-18.384768807319166,29,80.37320504842549,29,228.96170792133256,999.152353465671,818.7050082608428,638.8436256093244,0.028985507246376812,2.898550724637681,138,0.21739130434782608,0.0,1.0,0.8768115942028986,0.028985507246376812,0.5,0.21739130434782608,0.43333333333333335,1.8474010855595153,cbr_full_logreg,"A,B,C,E"
10,RUB->AMD,logreg,oot,238,50,56,0.22,0.23529411764705882,0.2352,0.935,0.935374149659864,32.16587671901312,50,56.625242254297994,50,136.38883481452496,527.1672042368491,480.08455035931655,431.5210053214034,0.21568627450980393,21.568627450980394,51,0.9803921568627451,0.0,4.0,0.6078431372549019,0.1568627450980392,0.7,0.9803921568627451,0.72,1.5664385547514321,cbr_full_logreg,"A,B,C,E"
10,RUB->KGS,logreg,oot,238,48,53,0.25,0.22268907563025211,0.22791666666666666,1.1226415094339621,1.096892138939671,19.220435676367526,48,22.753028236202876,48,162.7410312368521,677.8323313759138,612.0398508722636,587.6676968745267,0.23529411764705885,23.529411764705884,51,0.9411764705882353,0.0,4.0,0.6078431372549019,0.13725490196078433,0.7291666666666666,0.9411764705882353,0.6875,1.4633418498870532,cbr_full_logreg,"A,B,C,E"
10,RUB->KZT,logreg,oot,238,21,65,0.3333333333333333,0.27310924369747897,0.27809523809523806,1.2205128205128206,1.1986301369863015,136.69683178828163,21,31.235899988423295,21,125.20631330356134,506.7133544065605,438.3886723903285,358.241083307544,0.1372549019607843,13.72549019607843,51,0.4117647058823529,0.0,1.0,0.7450980392156863,0.0392156862745098,0.38095238095238093,0.4117647058823529,0.3333333333333333,1.0017424136722464,cbr_full_logreg,"A,B,C,E"
10,RUB->TJS,logreg,oot,238,74,54,0.25675675675675674,0.226890756302521,0.21945945945945952,1.1316316316316315,1.1699507389162558,30.633229164606703,70,23.434975927266404,74,139.63097994297007,710.1687762173548,615.3191491862019,599.6347942892955,0.37254901960784315,37.254901960784316,51,1.4509803921568627,1.0,5.0,0.49019607843137253,0.2549019607843137,0.7837837837837838,1.4509803921568627,0.7972972972972973,0.9470862124983455,cbr_full_logreg,"A,B,C,E"
10,RUB->UZS,logreg,oot,238,40,63,0.3,0.2647058823529412,0.26499999999999996,1.1333333333333333,1.1320754716981134,38.066958869875265,40,16.901040975947666,40,128.24740029952767,524.1784850579334,520.5559663883663,445.1549754608939,0.23529411764705885,23.529411764705884,51,0.7843137254901961,0.0,3.0,0.6862745098039216,0.11764705882352941,0.675,0.7843137254901961,0.625,1.0573709459784033,cbr_full_logreg,"A,B,C,E"
10,RUB->AMD,logreg,y2022,247,10,59,0.1,0.2388663967611336,0.23600000000000002,0.4186440677966102,0.423728813559322,-466.5116790993628,9,193.81275160262928,10,1289.666044622022,2348.079925251434,2348.079925251434,1869.1840208133367,0.0196078431372549,1.9607843137254901,51,0.19607843137254902,0.0,1.0,0.8823529411764706,0.0196078431372549,0.4,0.19607843137254902,0.4,4.449767531250216,all_external_logreg,"A,B,C,D,E,F"
10,RUB->KGS,logreg,y2022,247,12,51,0.0,0.20647773279352227,0.19166666666666665,0.0,0.0,-367.62018608868266,12,227.28177714363514,12,1363.5293174321675,1976.3295014832781,1976.3295014832781,1772.0042885013434,0.0,0.0,51,0.23529411764705882,0.0,1.0,0.8823529411764706,0.0392156862745098,0.5,0.23529411764705882,0.5833333333333334,0.0,all_external_logreg,"A,B,C,D,E,F"
10,RUB->KZT,logreg,y2022,247,11,51,0.09090909090909091,0.20647773279352227,0.19090909090909094,0.44028520499108736,0.4761904761904761,-332.5561398624073,11,130.7809635217702,11,1256.3863858870689,1760.1696219414187,1760.1696219414187,1722.979562428633,0.0196078431372549,1.9607843137254901,51,0.21568627450980393,0.0,0.0,0.9019607843137255,0.0196078431372549,0.6363636363636364,0.21568627450980393,0.5454545454545454,3.297787879668919,all_external_logreg,"A,B,C,D,E,F"
10,RUB->TJS,logreg,y2022,247,11,57,0.0,0.23076923076923078,0.23999999999999996,0.0,0.0,-943.3035120718796,11,63.1761804750705,11,2552.74734025396,4206.4938555888575,4206.4938555888575,3812.9625399903343,0.0,0.0,51,0.21568627450980393,0.0,0.0,0.9019607843137255,0.0392156862745098,0.6363636363636364,0.21568627450980393,0.45454545454545453,,all_external_logreg,"A,B,C,D,E,F"
10,RUB->UZS,logreg,y2022,247,13,51,0.0,0.20647773279352227,0.2046153846153846,0.0,0.0,-842.13326584203,13,229.31636524660706,13,1921.5675526642794,2642.338625206073,2642.338625206073,2491.3784403052487,0.0,0.0,51,0.2549019607843137,0.0,0.0,0.9019607843137255,0.0392156862745098,0.7692307692307693,0.2549019607843137,0.6923076923076923,,all_external_logreg,"A,B,C,D,E,F"
10,RUB->AMD,logreg,wf_oos,656,154,174,0.2727272727272727,0.2652439024390244,0.2694805194805195,1.0282131661442004,1.0120481927710843,43.91724642272632,149,64.04229401948854,154,175.0294719425753,790.5762550969774,744.0287969459899,763.5692420027378,0.30434782608695654,30.434782608695652,138,1.1159420289855073,0.0,4.0,0.6376811594202898,0.21014492753623187,0.7922077922077922,1.1159420289855073,0.7857142857142857,1.347084473476878,all_external_logreg,"A,B,C,D,E,F"
10,RUB->KGS,logreg,wf_oos,656,138,167,0.26811594202898553,0.2545731707317073,0.25463768115942026,1.0531979519222425,1.0529311326124078,44.285437342516666,134,47.94492313842052,138,163.19496162214574,812.0986469953051,738.7901403701632,758.0201881846018,0.26811594202898553,26.81159420289855,138,1.0,0.0,4.0,0.644927536231884,0.18840579710144928,0.7318840579710145,1.0,0.7391304347826086,1.2214638189553082,all_external_logreg,"A,B,C,D,E,F"
10,RUB->KZT,logreg,wf_oos,656,155,137,0.2,0.20884146341463414,0.21780645161290324,0.9576642335766424,0.9182464454976303,30.56666337415458,151,59.51092246575472,155,209.00955963239358,1025.8897344514705,969.0775361796685,1005.6257932922788,0.2246376811594203,22.463768115942027,138,1.1231884057971016,0.0,4.0,0.6014492753623188,0.2028985507246377,0.7677419354838709,1.1231884057971016,0.7612903225806451,1.3018393378749842,all_external_logreg,"A,B,C,D,E,F"
10,RUB->TJS,logreg,wf_oos,656,137,180,0.24817518248175183,0.27439024390243905,0.2785401459854015,0.9044606650446065,0.890985324947589,54.278094996386784,133,72.01638108769075,137,165.03665392903807,764.3914649765837,698.7863434552357,728.6727013564579,0.24637681159420288,24.63768115942029,138,0.9927536231884058,0.0,4.0,0.6594202898550725,0.18115942028985507,0.7737226277372263,0.9927536231884058,0.7664233576642335,1.4488394316047366,all_external_logreg,"A,B,C,D,E,F"
10,RUB->UZS,logreg,wf_oos,656,147,156,0.23809523809523808,0.23780487804878048,0.23863945578231294,1.0012210012210012,0.9977194982896236,45.64838096650425,143,56.04184290639081,147,183.58581505530978,787.6205728816466,725.0668851146602,753.6217709695957,0.2536231884057971,25.36231884057971,138,1.065217391304348,0.0,4.0,0.6521739130434783,0.21014492753623187,0.782312925170068,1.065217391304348,0.7891156462585034,1.1813700793425912,all_external_logreg,"A,B,C,D,E,F"
10,RUB->AMD,logreg,oot,238,0,56,,0.23529411764705882,,,,,0,,0,,,,,0.0,0.0,51,0.0,0.0,0.0,1.0,0.0,,0.0,,,all_external_logreg,"A,B,C,D,E,F"
10,RUB->KGS,logreg,oot,238,0,53,,0.22268907563025211,,,,,0,,0,,,,,0.0,0.0,51,0.0,0.0,0.0,1.0,0.0,,0.0,,,all_external_logreg,"A,B,C,D,E,F"
10,RUB->KZT,logreg,oot,238,0,65,,0.27310924369747897,,,,,0,,0,,,,,0.0,0.0,51,0.0,0.0,0.0,1.0,0.0,,0.0,,,all_external_logreg,"A,B,C,D,E,F"
10,RUB->TJS,logreg,oot,238,0,54,,0.226890756302521,,,,,0,,0,,,,,0.0,0.0,51,0.0,0.0,0.0,1.0,0.0,,0.0,,,all_external_logreg,"A,B,C,D,E,F"
10,RUB->UZS,logreg,oot,238,0,63,,0.2647058823529412,,,,,0,,0,,,,,0.0,0.0,51,0.0,0.0,0.0,1.0,0.0,,0.0,,,all_external_logreg,"A,B,C,D,E,F"
20,RUB->AMD,logreg,y2022,247,3,42,0.0,0.1700404858299595,0.15333333333333335,0.0,0.0,784.1207479126546,3,617.5858165688977,3,740.9503085171787,2162.007478442245,2162.007478442245,740.9503085171787,0.0,0.0,51,0.058823529411764705,0.0,0.0,0.9607843137254902,0.0,0.3333333333333333,0.058823529411764705,0.3333333333333333,0.0,cbr_full_logreg,"A,B,C,E"
20,RUB->KGS,logreg,y2022,247,0,41,,0.1659919028340081,,,,,0,,0,,,,,0.0,0.0,51,0.0,0.0,0.0,1.0,0.0,,0.0,,,cbr_full_logreg,"A,B,C,E"
20,RUB->KZT,logreg,y2022,247,0,36,,0.145748987854251,,,,,0,,0,,,,,0.0,0.0,51,0.0,0.0,0.0,1.0,0.0,,0.0,,,cbr_full_logreg,"A,B,C,E"
20,RUB->TJS,logreg,y2022,247,2,47,0.0,0.1902834008097166,0.16,0.0,0.0,1406.7564740940443,2,869.2889363370748,2,188.53813940175044,366.7220899672818,366.7220899672818,188.53813940175044,0.0,0.0,51,0.0392156862745098,0.0,0.0,0.9607843137254902,0.0,0.0,0.0392156862745098,0.0,0.0,cbr_full_logreg,"A,B,C,E"
20,RUB->UZS,logreg,y2022,247,0,38,,0.15384615384615385,,,,,0,,0,,,,,0.0,0.0,51,0.0,0.0,0.0,1.0,0.0,,0.0,,,cbr_full_logreg,"A,B,C,E"
20,RUB->AMD,logreg,wf_oos,656,202,140,0.14356435643564355,0.21341463414634146,0.2113861386138614,0.6727015558698727,0.6791569086651053,-27.57818515439791,190,46.4778644179522,200,337.77415192985995,1271.1953706061597,1151.7424632079624,1218.600693633689,0.21014492753623187,21.014492753623188,138,1.463768115942029,0.0,5.0,0.5869565217391305,0.2826086956521739,0.8465346534653465,1.463768115942029,0.8613861386138614,1.3195935855286947,cbr_full_logreg,"A,B,C,E"
20,RUB->KGS,logreg,wf_oos,656,189,132,0.15873015873015872,0.20121951219512196,0.20328042328042326,0.7888407888407888,0.7808433107756377,-4.35587032620655,180,53.22815921806889,184,304.8621951549027,1320.693269827702,1124.70985895039,1250.985163937392,0.21739130434782608,21.73913043478261,138,1.3695652173913044,0.0,4.299999999999997,0.5797101449275363,0.2898550724637681,0.8095238095238095,1.3695652173913044,0.7883597883597884,1.3774880056726122,cbr_full_logreg,"A,B,C,E"
20,RUB->KZT,logreg,wf_oos,656,179,101,0.10614525139664804,0.15396341463414634,0.1505027932960894,0.6894186625366447,0.7052709725315516,-6.029910655986774,170,43.014718655171485,173,354.5205767647021,1213.5907468297846,1037.6875684914182,1085.3680304489103,0.13768115942028986,13.768115942028986,138,1.2971014492753623,0.0,5.0,0.5797101449275363,0.2898550724637681,0.7988826815642458,1.2971014492753623,0.770949720670391,1.1589488732090374,cbr_full_logreg,"A,B,C,E"
20,RUB->TJS,logreg,wf_oos,656,133,132,0.18045112781954886,0.20121951219512196,0.20330827067669172,0.8967874231032125,0.8875739644970414,27.078628807764126,125,88.31963679966866,129,345.0097642505381,1322.7483576135658,1243.6071333440686,1273.1986443250146,0.17391304347826086,17.391304347826086,138,0.9637681159420289,0.0,4.0,0.6739130434782609,0.18840579710144928,0.7969924812030075,0.9637681159420289,0.7593984962406015,1.2840347416123306,cbr_full_logreg,"A,B,C,E"
20,RUB->UZS,logreg,wf_oos,656,161,112,0.11801242236024845,0.17073170731707318,0.17105590062111806,0.6912156166814551,0.689905591866376,-10.052680253239865,154,73.13565455644012,157,347.093670047759,1253.020910732945,1146.0358374129155,1205.2205738155778,0.13768115942028986,13.768115942028986,138,1.1666666666666667,0.0,4.299999999999997,0.6376811594202898,0.2391304347826087,0.8012422360248447,1.1666666666666667,0.7763975155279503,1.3068825556848893,cbr_full_logreg,"A,B,C,E"
20,RUB->AMD,logreg,oot,228,55,42,0.18181818181818182,0.18421052631578946,0.18290909090909094,0.9870129870129871,0.9940357852882703,27.346038383940623,52,116.5751501826031,55,233.53665869521387,689.5380434782594,619.9980669491553,595.9691888027553,0.20408163265306123,20.408163265306122,49,1.1224489795918366,0.0,4.200000000000003,0.5510204081632653,0.1836734693877551,0.7090909090909091,1.1224489795918366,0.6727272727272727,1.5623963145388728,cbr_full_logreg,"A,B,C,E"
20,RUB->KGS,logreg,oot,228,55,38,0.16363636363636364,0.16666666666666666,0.17490909090909088,0.9818181818181818,0.9355509355509357,-21.91466965084189,54,58.89435542614537,54,341.07584871937655,1276.7169272685842,1163.5647056817886,1011.8395892752421,0.1836734693877551,18.367346938775512,49,1.1224489795918366,0.0,4.200000000000003,0.5306122448979592,0.16326530612244897,0.7454545454545455,1.1224489795918366,0.6909090909090909,1.19815398844836,cbr_full_logreg,"A,B,C,E"
20,RUB->KZT,logreg,oot,228,23,48,0.2608695652173913,0.21052631578947367,0.20782608695652174,1.2391304347826086,1.2552301255230125,194.29742239405977,23,163.38936716836358,23,249.5167553340598,960.744366659374,917.5539603136629,724.3899130497362,0.12244897959183673,12.244897959183673,49,0.46938775510204084,0.0,1.0,0.7346938775510204,0.061224489795918366,0.5217391304347826,0.46938775510204084,0.4782608695652174,1.9504492277077983,cbr_full_logreg,"A,B,C,E"
20,RUB->TJS,logreg,oot,228,82,38,0.18292682926829268,0.16666666666666666,0.16975609756097562,1.0975609756097562,1.0775862068965516,29.37469096047644,75,68.96441137248385,81,240.1636016788722,1129.1458964841383,981.369650497629,981.3696504976291,0.30612244897959184,30.612244897959183,49,1.6734693877551021,1.0,5.0,0.40816326530612246,0.2653061224489796,0.8048780487804879,1.6734693877551021,0.8170731707317073,0.8195045210139047,cbr_full_logreg,"A,B,C,E"
20,RUB->UZS,logreg,oot,228,43,48,0.2558139534883721,0.21052631578947367,0.20511627906976745,1.2151162790697676,1.2471655328798186,14.033723558556078,40,60.6976418500512,43,303.52583859261694,1274.934741501812,1165.8924224526493,996.4869810524799,0.22448979591836735,22.448979591836736,49,0.8775510204081632,0.0,4.0,0.673469387755102,0.16326530612244897,0.7209302325581395,0.8775510204081632,0.6976744186046512,1.1215295263177225,cbr_full_logreg,"A,B,C,E"
20,RUB->AMD,logreg,y2022,247,11,42,0.09090909090909091,0.1700404858299595,0.15636363636363634,0.5346320346320347,0.5813953488372094,-475.3232713639569,10,142.091063927141,11,1528.949317315218,3522.062141327351,3522.062141327351,2567.170122874827,0.0196078431372549,1.9607843137254901,51,0.21568627450980393,0.0,1.0,0.8431372549019608,0.0,0.36363636363636365,0.21568627450980393,0.45454545454545453,54.85613620371514,all_external_logreg,"A,B,C,D,E,F"
20,RUB->KGS,logreg,y2022,247,9,41,0.0,0.1659919028340081,0.15333333333333332,0.0,0.0,-686.8851461570771,9,-83.0923146009916,9,2112.0246842616752,3399.500342926185,3399.500342926185,2629.902236928029,0.0,0.0,51,0.17647058823529413,0.0,0.0,0.9215686274509803,0.0196078431372549,0.5555555555555556,0.17647058823529413,0.5555555555555556,,all_external_logreg,"A,B,C,D,E,F"
20,RUB->KZT,logreg,y2022,247,13,36,0.0,0.145748987854251,0.13692307692307693,0.0,0.0,-988.2087641618062,13,-328.4206637219092,13,2390.259571523068,2997.094128177147,2997.094128177147,2796.7727911236166,0.0,0.0,51,0.2549019607843137,0.0,1.0,0.8823529411764706,0.0392156862745098,0.6153846153846154,0.2549019607843137,0.6923076923076923,,all_external_logreg,"A,B,C,D,E,F"
20,RUB->TJS,logreg,y2022,247,2,47,0.0,0.1902834008097166,0.23,0.0,0.0,-2096.513872289505,2,-1024.093753298362,2,4550.234552046508,4866.524939003108,4866.524939003108,4550.234552046508,0.0,0.0,51,0.0392156862745098,0.0,0.0,0.9607843137254902,0.0,0.0,0.0392156862745098,0.0,,all_external_logreg,"A,B,C,D,E,F"
20,RUB->UZS,logreg,y2022,247,15,38,0.0,0.15384615384615385,0.14933333333333335,0.0,0.0,-1375.6894606001092,15,-327.46192285445863,15,3062.4184015524065,5430.6819320345,5430.6819320345,4439.492611719843,0.0,0.0,51,0.29411764705882354,0.0,1.0,0.8823529411764706,0.058823529411764705,0.7333333333333333,0.29411764705882354,0.7333333333333333,,all_external_logreg,"A,B,C,D,E,F"
20,RUB->AMD,logreg,wf_oos,656,148,140,0.22972972972972974,0.21341463414634146,0.212972972972973,1.0764478764478764,1.0786802030456852,84.1661190516486,138,76.1407697684842,148,273.305216169159,832.6240000752439,787.222329136269,802.4499192215569,0.24637681159420288,24.63768115942029,138,1.0724637681159421,0.0,4.0,0.6594202898550725,0.2028985507246377,0.7905405405405406,1.0724637681159421,0.7905405405405406,1.339902834720111,all_external_logreg,"A,B,C,D,E,F"
20,RUB->KGS,logreg,wf_oos,656,137,132,0.21897810218978103,0.20121951219512196,0.19708029197080293,1.088254810882548,1.1111111111111112,94.39196231166403,132,54.50505028704093,137,231.08459117145702,812.0986469953051,759.1704330982301,769.9525205434909,0.21739130434782608,21.73913043478261,138,0.9927536231884058,0.0,4.0,0.6521739130434783,0.1956521739130435,0.7445255474452555,0.9927536231884058,0.7664233576642335,1.3087261971534918,all_external_logreg,"A,B,C,D,E,F"
20,RUB->KZT,logreg,wf_oos,656,147,101,0.16326530612244897,0.15396341463414634,0.15836734693877552,1.0604162457062032,1.0309278350515463,82.35845836482991,143,73.00280736148193,147,263.7555771221095,1203.4209257339867,1034.1690731020558,1064.9654415554908,0.17391304347826086,17.391304347826086,138,1.065217391304348,0.0,4.0,0.6304347826086957,0.21014492753623187,0.782312925170068,1.065217391304348,0.7755102040816326,1.2378248076148286,all_external_logreg,"A,B,C,D,E,F"
20,RUB->TJS,logreg,wf_oos,656,127,132,0.2283464566929134,0.20121951219512196,0.19968503937007875,1.134812693867812,1.1435331230283912,117.49933619234189,122,102.42525105672911,127,230.18215529405074,766.3920175183891,758.8785816082165,760.7509191651029,0.21014492753623187,21.014492753623188,138,0.9202898550724637,0.0,4.0,0.6884057971014492,0.17391304347826086,0.7637795275590551,0.9202898550724637,0.7716535433070866,1.2882094326910025,all_external_logreg,"A,B,C,D,E,F"
20,RUB->UZS,logreg,wf_oos,656,145,112,0.1793103448275862,0.17073170731707318,0.18606896551724136,1.0502463054187192,0.9636767976278726,68.61651958578948,141,66.63440573109864,145,276.3709548056087,839.9146667970703,798.65488784682,809.038768318752,0.18840579710144925,18.840579710144926,138,1.0507246376811594,0.0,4.0,0.6739130434782609,0.21014492753623187,0.8068965517241379,1.0507246376811594,0.8137931034482758,1.3500028405073536,all_external_logreg,"A,B,C,D,E,F"
20,RUB->AMD,logreg,oot,228,0,42,,0.18421052631578946,,,,,0,,0,,,,,0.0,0.0,49,0.0,0.0,0.0,1.0,0.0,,0.0,,,all_external_logreg,"A,B,C,D,E,F"
20,RUB->KGS,logreg,oot,228,0,38,,0.16666666666666666,,,,,0,,0,,,,,0.0,0.0,49,0.0,0.0,0.0,1.0,0.0,,0.0,,,all_external_logreg,"A,B,C,D,E,F"
20,RUB->KZT,logreg,oot,228,0,48,,0.21052631578947367,,,,,0,,0,,,,,0.0,0.0,49,0.0,0.0,0.0,1.0,0.0,,0.0,,,all_external_logreg,"A,B,C,D,E,F"
20,RUB->TJS,logreg,oot,228,0,38,,0.16666666666666666,,,,,0,,0,,,,,0.0,0.0,49,0.0,0.0,0.0,1.0,0.0,,0.0,,,all_external_logreg,"A,B,C,D,E,F"
20,RUB->UZS,logreg,oot,228,0,48,,0.21052631578947367,,,,,0,,0,,,,,0.0,0.0,49,0.0,0.0,0.0,1.0,0.0,,0.0,,,all_external_logreg,"A,B,C,D,E,F"
