horizon,split,corridor,baseline,experiment,signal_count,signals_per_week,delta_lift,delta_bps,decision
1,y2022,RUB->AMD,cbr_full_logreg,all_external_logreg,38,0.7514124293785311,-0.3519585253456221,-175.90178516863082,insufficient_frequency
1,y2022,RUB->KGS,cbr_full_logreg,all_external_logreg,44,0.8700564971751413,-0.5933111603843311,-89.53777454172224,reject
1,y2022,RUB->KZT,cbr_full_logreg,all_external_logreg,38,0.7514124293785311,0.896551724137931,178.00298635138282,insufficient_frequency
1,y2022,RUB->TJS,cbr_full_logreg,all_external_logreg,45,0.8898305084745763,-0.9217981340118745,-106.2763196020955,reject
1,y2022,RUB->UZS,cbr_full_logreg,all_external_logreg,50,0.9887005649717514,0.6642016806722689,-3.258433590806561,reject
1,wf_oos,RUB->AMD,cbr_full_logreg,all_external_logreg,1,0.007268951194184838,0.865097196444271,21.04563869631353,insufficient_frequency
1,wf_oos,RUB->KGS,cbr_full_logreg,all_external_logreg,2,0.014537902388369677,-0.08727117922520211,-40.08535327119887,insufficient_frequency
1,wf_oos,RUB->KZT,cbr_full_logreg,all_external_logreg,2,0.014537902388369677,-0.032832832832833,-75.8112263091197,insufficient_frequency
1,wf_oos,RUB->TJS,cbr_full_logreg,all_external_logreg,5,0.036344755970924195,0.4929346960868596,6.7254928710301645,insufficient_frequency
1,wf_oos,RUB->UZS,cbr_full_logreg,all_external_logreg,2,0.014537902388369677,-1.0482348569305093,-163.1643068959152,insufficient_frequency
1,oot,RUB->AMD,cbr_full_logreg,all_external_logreg,0,0.0,,,unusable
1,oot,RUB->KGS,cbr_full_logreg,all_external_logreg,0,0.0,,,unusable
1,oot,RUB->KZT,cbr_full_logreg,all_external_logreg,0,0.0,,,unusable
1,oot,RUB->TJS,cbr_full_logreg,all_external_logreg,0,0.0,,,unusable
1,oot,RUB->UZS,cbr_full_logreg,all_external_logreg,0,0.0,,,unusable
3,y2022,RUB->AMD,cbr_full_logreg,all_external_logreg,14,0.2768361581920904,-2.2831932773109247,-206.69050599456008,insufficient_frequency
3,y2022,RUB->KGS,cbr_full_logreg,all_external_logreg,20,0.3954802259887006,-2.0583333333333336,-47.692496392757235,insufficient_frequency
3,y2022,RUB->KZT,cbr_full_logreg,all_external_logreg,17,0.3361581920903955,,,insufficient_frequency
3,y2022,RUB->TJS,cbr_full_logreg,all_external_logreg,20,0.3954802259887006,-2.1293103448275863,-273.78246671823223,insufficient_frequency
3,y2022,RUB->UZS,cbr_full_logreg,all_external_logreg,20,0.3954802259887006,,,insufficient_frequency
3,wf_oos,RUB->AMD,cbr_full_logreg,all_external_logreg,30,0.21806853582554514,0.11894581488509381,-13.304338987914463,insufficient_frequency
3,wf_oos,RUB->KGS,cbr_full_logreg,all_external_logreg,20,0.14537902388369678,-0.0548036758563073,-47.91723229307524,insufficient_frequency
3,wf_oos,RUB->KZT,cbr_full_logreg,all_external_logreg,20,0.14537902388369678,0.14287694287694275,14.487396667096844,insufficient_frequency
3,wf_oos,RUB->TJS,cbr_full_logreg,all_external_logreg,27,0.19626168224299065,0.15955500565760383,7.728809925586345,insufficient_frequency
3,wf_oos,RUB->UZS,cbr_full_logreg,all_external_logreg,29,0.2107995846313603,-0.06625062005994176,-31.653454877391965,insufficient_frequency
3,oot,RUB->AMD,cbr_full_logreg,all_external_logreg,0,0.0,,,unusable
3,oot,RUB->KGS,cbr_full_logreg,all_external_logreg,0,0.0,,,unusable
3,oot,RUB->KZT,cbr_full_logreg,all_external_logreg,0,0.0,,,unusable
3,oot,RUB->TJS,cbr_full_logreg,all_external_logreg,0,0.0,,,unusable
3,oot,RUB->UZS,cbr_full_logreg,all_external_logreg,0,0.0,,,unusable
5,y2022,RUB->AMD,cbr_full_logreg,all_external_logreg,9,0.17796610169491525,-3.049382716049383,-287.93014840566116,insufficient_frequency
5,y2022,RUB->KGS,cbr_full_logreg,all_external_logreg,12,0.23728813559322035,-3.8000000000000003,-153.85112754467218,insufficient_frequency
5,y2022,RUB->KZT,cbr_full_logreg,all_external_logreg,10,0.1977401129943503,,,insufficient_frequency
5,y2022,RUB->TJS,cbr_full_logreg,all_external_logreg,13,0.2570621468926554,-2.961038961038961,-551.452210970592,insufficient_frequency
5,y2022,RUB->UZS,cbr_full_logreg,all_external_logreg,16,0.3163841807909605,-1.0291666666666666,-169.73499835991774,insufficient_frequency
5,wf_oos,RUB->AMD,cbr_full_logreg,all_external_logreg,126,0.9158878504672896,-0.13225430899849488,27.80422459783993,reject
5,wf_oos,RUB->KGS,cbr_full_logreg,all_external_logreg,118,0.857736240913811,0.40632918520186956,46.93011312285589,adopt
5,wf_oos,RUB->KZT,cbr_full_logreg,all_external_logreg,123,0.8940809968847351,0.08326827998959163,-10.329031602817842,reject
5,wf_oos,RUB->TJS,cbr_full_logreg,all_external_logreg,109,0.7923156801661474,-0.27232785238369583,2.9328154541193747,insufficient_frequency
5,wf_oos,RUB->UZS,cbr_full_logreg,all_external_logreg,127,0.9231568016614745,0.470958777211672,24.30540677982746,adopt
5,oot,RUB->AMD,cbr_full_logreg,all_external_logreg,0,0.0,,,unusable
5,oot,RUB->KGS,cbr_full_logreg,all_external_logreg,0,0.0,,,unusable
5,oot,RUB->KZT,cbr_full_logreg,all_external_logreg,0,0.0,,,unusable
5,oot,RUB->TJS,cbr_full_logreg,all_external_logreg,0,0.0,,,unusable
5,oot,RUB->UZS,cbr_full_logreg,all_external_logreg,0,0.0,,,unusable
10,y2022,RUB->AMD,cbr_full_logreg,all_external_logreg,10,0.1977401129943503,-0.6279661016949152,-478.33328297485207,insufficient_frequency
10,y2022,RUB->KGS,cbr_full_logreg,all_external_logreg,12,0.23728813559322035,-2.4215686274509802,-871.399072835309,insufficient_frequency
10,y2022,RUB->KZT,cbr_full_logreg,all_external_logreg,11,0.21751412429378533,,,insufficient_frequency
10,y2022,RUB->TJS,cbr_full_logreg,all_external_logreg,11,0.21751412429378533,-1.4444444444444442,-1395.3620275564135,insufficient_frequency
10,y2022,RUB->UZS,cbr_full_logreg,all_external_logreg,13,0.2570621468926554,-1.2107843137254901,-549.2927268446791,insufficient_frequency
10,wf_oos,RUB->AMD,cbr_full_logreg,all_external_logreg,154,1.1194184839044652,0.4809384164222872,80.68764164132872,adopt
10,wf_oos,RUB->KGS,cbr_full_logreg,all_external_logreg,138,1.0031152647975077,0.7065970361068146,91.8442932228778,adopt
10,wf_oos,RUB->KZT,cbr_full_logreg,all_external_logreg,155,1.12668743509865,0.8208550573514078,75.27600700754968,adopt
10,wf_oos,RUB->TJS,cbr_full_logreg,all_external_logreg,137,0.9958463136033229,0.13139669198063353,48.43306017829816,adopt
10,wf_oos,RUB->UZS,cbr_full_logreg,all_external_logreg,147,1.0685358255451713,0.4405372405372405,64.03314977382341,adopt
10,oot,RUB->AMD,cbr_full_logreg,all_external_logreg,0,0.0,,,unusable
10,oot,RUB->KGS,cbr_full_logreg,all_external_logreg,0,0.0,,,unusable
10,oot,RUB->KZT,cbr_full_logreg,all_external_logreg,0,0.0,,,unusable
10,oot,RUB->TJS,cbr_full_logreg,all_external_logreg,0,0.0,,,unusable
10,oot,RUB->UZS,cbr_full_logreg,all_external_logreg,0,0.0,,,unusable
20,y2022,RUB->AMD,cbr_full_logreg,all_external_logreg,11,0.21751412429378533,0.5346320346320347,-1259.4440192766115,insufficient_frequency
20,y2022,RUB->KGS,cbr_full_logreg,all_external_logreg,9,0.17796610169491525,,,insufficient_frequency
20,y2022,RUB->KZT,cbr_full_logreg,all_external_logreg,13,0.2570621468926554,,,insufficient_frequency
20,y2022,RUB->TJS,cbr_full_logreg,all_external_logreg,2,0.03954802259887006,0.0,-3503.270346383549,insufficient_frequency
20,y2022,RUB->UZS,cbr_full_logreg,all_external_logreg,15,0.2966101694915254,,,insufficient_frequency
20,wf_oos,RUB->AMD,cbr_full_logreg,all_external_logreg,148,1.0758047767393562,0.40374632057800375,111.74430420604651,adopt
20,wf_oos,RUB->KGS,cbr_full_logreg,all_external_logreg,137,0.9958463136033229,0.29941402204175926,98.74783263787059,adopt
20,wf_oos,RUB->KZT,cbr_full_logreg,all_external_logreg,147,1.0685358255451713,0.37099758316955844,88.38836902081668,adopt
20,wf_oos,RUB->TJS,cbr_full_logreg,all_external_logreg,127,0.9231568016614745,0.23802527076459956,90.42070738457775,adopt
20,wf_oos,RUB->UZS,cbr_full_logreg,all_external_logreg,145,1.0539979231568015,0.35903068873726407,78.66919983902935,adopt
20,oot,RUB->AMD,cbr_full_logreg,all_external_logreg,0,0.0,,,unusable
20,oot,RUB->KGS,cbr_full_logreg,all_external_logreg,0,0.0,,,unusable
20,oot,RUB->KZT,cbr_full_logreg,all_external_logreg,0,0.0,,,unusable
20,oot,RUB->TJS,cbr_full_logreg,all_external_logreg,0,0.0,,,unusable
20,oot,RUB->UZS,cbr_full_logreg,all_external_logreg,0,0.0,,,unusable
