horizon,corridor,method,split,eligible_days,signal_count,target_positives,signal_hit_rate,random_hit_rate,freq_matched_hit_rate,lift,lift_freq_matched,bps_forward,signals_per_week,cluster_share,brier_score,lift_ci_low,lift_ci_high,bps_ci_low,bps_ci_high,experiment,feature_groups
1,RUB->AMD,logreg,y2022,247,0,124,,0.5020242914979757,,,,,0.0,,0.29534214499062955,,,,,incumbent_ab,"A,B"
1,RUB->KGS,logreg,y2022,247,0,123,,0.4979757085020243,,,,,0.0,,0.2656288536035526,,,,,incumbent_ab,"A,B"
1,RUB->KZT,logreg,y2022,247,0,116,,0.46963562753036436,,,,,0.0,,0.2895608757657317,,,,,incumbent_ab,"A,B"
1,RUB->TJS,logreg,y2022,247,0,131,,0.5303643724696356,,,,,0.0,,0.29387557956900157,,,,,incumbent_ab,"A,B"
1,RUB->UZS,logreg,y2022,247,0,119,,0.4817813765182186,,,,,0.0,,0.27559281322537205,,,,,incumbent_ab,"A,B"
1,RUB->AMD,logreg,wf_oos,656,39,353,0.5128205128205128,0.538109756097561,0.5302564102564103,0.9530035592358538,0.9671179883945838,6.520552593954417,0.2834890965732087,0.07692307692307693,0.2509795021179303,0.6176256527714153,1.3006071615335915,-24.439083942538392,42.239824738205485,incumbent_ab,"A,B"
1,RUB->KGS,logreg,wf_oos,656,35,348,0.5714285714285714,0.5304878048780488,0.5508571428571428,1.0771756978653528,1.037344398340249,20.937346723057548,0.2544132917964693,0.02857142857142857,0.24860598652221616,0.6888726817595012,1.4572361398424893,-0.16895256415525273,51.26228354041252,incumbent_ab,"A,B"
1,RUB->KZT,logreg,wf_oos,656,29,333,0.5862068965517241,0.5076219512195121,0.4855172413793104,1.1548099823961893,1.2073863636363633,33.75848703603663,0.2107995846313603,0.10344827586206896,0.24923197373992406,0.7739617108451277,1.4995575360419395,6.996366295278435,68.61473277506808,incumbent_ab,"A,B"
1,RUB->TJS,logreg,wf_oos,656,35,361,0.6571428571428571,0.5503048780487805,0.54,1.1941432528690146,1.2169312169312168,34.85379521177306,0.2544132917964693,0.02857142857142857,0.2478478892435275,0.9108074830779452,1.40690098473183,6.61910750083277,62.0507550340505,incumbent_ab,"A,B"
1,RUB->UZS,logreg,wf_oos,656,35,345,0.6571428571428571,0.5259146341463414,0.5245714285714286,1.2495238095238097,1.252723311546841,15.304567247608913,0.2544132917964693,0.0,0.24892256253151918,0.9788474254285082,1.459751725736992,-13.597142972362152,42.26349492430847,incumbent_ab,"A,B"
1,RUB->AMD,logreg,oot,247,12,132,0.6666666666666666,0.5344129554655871,0.535,1.2474747474747474,1.2461059190031152,8.903267618296962,0.23076923076923078,0.0,0.24310913987590635,0.8440896358543417,1.7301922008472808,-30.234052630918608,50.299496906782565,incumbent_ab,"A,B"
1,RUB->KGS,logreg,oot,247,7,117,0.5714285714285714,0.47368421052631576,0.4828571428571429,1.2063492063492063,1.1834319526627217,35.41067653082841,0.1346153846153846,0.14285714285714285,0.24827853658534033,0.0,2.207840653153153,-56.54573519450196,75.32466639032526,incumbent_ab,"A,B"
1,RUB->KZT,logreg,oot,247,5,142,0.4,0.5748987854251012,0.564,0.695774647887324,0.7092198581560285,30.667542578218253,0.09615384615384616,0.0,0.2564624045151819,0.0,1.777031747950979,-63.238175480968835,105.60766942568937,incumbent_ab,"A,B"
1,RUB->TJS,logreg,oot,247,11,125,0.7272727272727273,0.5060728744939271,0.5309090909090909,1.4370909090909092,1.3698630136986303,25.537124935303144,0.21153846153846154,0.09090909090909091,0.23972489084887577,0.7171780303030304,2.1138647342995167,-106.60802871794651,128.9450482181931,incumbent_ab,"A,B"
1,RUB->UZS,logreg,oot,247,8,136,0.625,0.5506072874493927,0.525,1.1351102941176472,1.1904761904761905,35.78163924599369,0.15384615384615385,0.0,0.250323280999172,0.27855574854055093,1.871212121212121,-79.24860440368747,125.29227132156471,incumbent_ab,"A,B"
1,RUB->AMD,logreg,y2022,247,6,124,0.5,0.5020242914979757,0.5433333333333333,0.995967741935484,0.9202453987730062,146.48279721716028,0.11864406779661017,0.0,0.32259039261302613,0.3114231601731602,1.7908494363929135,-11.35945273405813,392.05831320388387,cbr_full_logreg,"A,B,C,E"
1,RUB->KGS,logreg,y2022,247,3,123,0.6666666666666666,0.4979757085020243,0.5066666666666666,1.3387533875338753,1.3157894736842106,66.46386666150009,0.059322033898305086,0.0,0.28836876683651547,0.0,2.225225225225225,-30.665618732724347,213.82498071253974,cbr_full_logreg,"A,B,C,E"
1,RUB->KZT,logreg,y2022,247,1,116,0.0,0.46963562753036436,0.54,0.0,0.0,-152.65799013785764,0.01977401129943503,0.0,0.32174185394476823,0.0,0.0,-152.65799013785764,-152.65799013785764,cbr_full_logreg,"A,B,C,E"
1,RUB->TJS,logreg,y2022,247,1,131,1.0,0.5303643724696356,0.48,1.8854961832061068,2.0833333333333335,33.47057196471473,0.01977401129943503,0.0,0.3326976291625215,1.7248737373737375,2.205357142857143,33.47057196471473,33.47057196471473,cbr_full_logreg,"A,B,C,E"
1,RUB->UZS,logreg,y2022,247,1,119,0.0,0.4817813765182186,0.48,0.0,0.0,-60.423705063333124,0.01977401129943503,0.0,0.30051132467141883,0.0,0.0,-60.423705063333124,-60.423705063333124,cbr_full_logreg,"A,B,C,E"
1,RUB->AMD,logreg,wf_oos,656,64,353,0.46875,0.538109756097561,0.555625,0.8711048158640227,0.8436445444319459,4.639784017060413,0.46521287642782966,0.09375,0.24884083837383386,0.6380442122498806,1.1226724383700895,-15.275791207565788,33.55810426572295,cbr_full_logreg,"A,B,C,E"
1,RUB->KGS,logreg,wf_oos,656,62,348,0.5,0.5304878048780488,0.5238709677419354,0.9425287356321839,0.954433497536946,11.64458990370096,0.45067497403946,0.0,0.24868659475459023,0.7516629787749762,1.2372159255898365,-9.20090119527667,42.33386097971139,cbr_full_logreg,"A,B,C,E"
1,RUB->KZT,logreg,wf_oos,656,45,333,0.5777777777777777,0.5076219512195121,0.5008888888888889,1.138204871538205,1.1535048802129546,23.529335282892326,0.32710280373831774,0.08888888888888889,0.24859129230044932,0.937142857142857,1.4018518518518517,-6.102173446232478,53.9013677920421,cbr_full_logreg,"A,B,C,E"
1,RUB->TJS,logreg,wf_oos,656,53,361,0.49056603773584906,0.5503048780487805,0.5615094339622642,0.8914441018136204,0.8736559139784946,1.0079402142521179,0.38525441329179644,0.05660377358490566,0.24627932486815304,0.6864774409867962,1.08820105286254,-17.3755201912598,22.517189782814313,cbr_full_logreg,"A,B,C,E"
1,RUB->UZS,logreg,wf_oos,656,53,345,0.5094339622641509,0.5259146341463414,0.5154716981132075,0.9686628383921247,0.9882869692532944,13.956351725383263,0.38525441329179644,0.018867924528301886,0.24893485963274062,0.7475658546246782,1.244594991828007,-0.7595709785801594,43.05830167199528,cbr_full_logreg,"A,B,C,E"
1,RUB->AMD,logreg,oot,247,6,132,0.8333333333333334,0.5344129554655871,0.5533333333333333,1.5593434343434343,1.5060240963855422,58.22721281071919,0.11538461538461539,0.0,0.24649452602379768,1.080973586094628,2.0774042950513545,11.338050970438166,130.2903281886887,cbr_full_logreg,"A,B,C,E"
1,RUB->KGS,logreg,oot,247,8,117,0.5,0.47368421052631576,0.47,1.0555555555555556,1.0638297872340425,36.433151314527805,0.15384615384615385,0.0,0.2525858943336534,0.0,2.0600630252100833,-15.664130876556278,83.03542340854823,cbr_full_logreg,"A,B,C,E"
1,RUB->KZT,logreg,oot,247,5,142,1.0,0.5748987854251012,0.5399999999999999,1.73943661971831,1.851851851851852,62.64116016847602,0.09615384615384616,0.0,0.25881684204092714,1.5534591194968554,2.1478260869565218,43.404304902410416,78.9960765977363,cbr_full_logreg,"A,B,C,E"
1,RUB->TJS,logreg,oot,247,9,125,0.7777777777777778,0.5060728744939271,0.5333333333333334,1.536888888888889,1.458333333333333,55.77032160400057,0.17307692307692307,0.0,0.2438913556541107,1.2764766284854794,2.331885418574829,11.176190776722192,100.06936128643308,cbr_full_logreg,"A,B,C,E"
1,RUB->UZS,logreg,oot,247,10,136,0.6,0.5506072874493927,0.564,1.089705882352941,1.0638297872340425,39.44562000675843,0.19230769230769232,0.0,0.2555175824869562,0.6669173394173395,1.7645392036124792,-13.362924157025626,91.27855884227196,cbr_full_logreg,"A,B,C,E"
1,RUB->AMD,logreg,y2022,247,18,124,0.4444444444444444,0.5020242914979757,0.5066666666666666,0.8853046594982079,0.8771929824561404,-56.459043621322394,0.3559322033898305,0.0,0.345425577685866,0.6072719880301848,1.2139935762303262,-136.69020658614008,30.84874961761704,cbr_context_logreg,"A,B,C,D,E"
1,RUB->KGS,logreg,y2022,247,18,123,0.5555555555555556,0.4979757085020243,0.4988888888888889,1.1156278229448962,1.1135857461024499,-15.205916083095694,0.3559322033898305,0.0,0.32516941316820025,0.7906978463027001,1.6867680151328819,-55.82038534649461,45.48378432824944,cbr_context_logreg,"A,B,C,D,E"
1,RUB->KZT,logreg,y2022,247,14,116,0.42857142857142855,0.46963562753036436,0.47285714285714286,0.9125615763546797,0.9063444108761328,17.11509296647816,0.2768361581920904,0.0,0.3389766520378888,0.40478699135232643,1.5483625116713349,-73.6956947652606,125.44257682403791,cbr_context_logreg,"A,B,C,D,E"
1,RUB->TJS,logreg,y2022,247,13,131,0.6153846153846154,0.5303643724696356,0.5369230769230771,1.1603053435114503,1.1461318051575928,0.9459389127489769,0.2570621468926554,0.0,0.3225194190383881,0.6974493879472693,1.6857242251739404,-68.94941857665476,46.845887077722274,cbr_context_logreg,"A,B,C,D,E"
1,RUB->UZS,logreg,y2022,247,18,119,0.4444444444444444,0.4817813765182186,0.5,0.9225023342670401,0.8888888888888888,-36.53417426005782,0.3559322033898305,0.0,0.33262611191363345,0.4771635610766045,1.4259705627705626,-131.36804469463698,92.57585893686927,cbr_context_logreg,"A,B,C,D,E"
1,RUB->AMD,logreg,wf_oos,656,4,353,1.0,0.538109756097561,0.52,1.8583569405099152,1.923076923076923,23.894467168689502,0.029075804776739354,0.25,0.25184877854923093,1.690721649484536,2.0217321937321935,21.71974554210695,29.333846274907753,cbr_context_logreg,"A,B,C,D,E"
1,RUB->KGS,logreg,wf_oos,656,0,348,,0.5304878048780488,,,,,0.0,,0.25411627932387204,,,,,cbr_context_logreg,"A,B,C,D,E"
1,RUB->KZT,logreg,wf_oos,656,0,333,,0.5076219512195121,,,,,0.0,,0.2503476038000324,,,,,cbr_context_logreg,"A,B,C,D,E"
1,RUB->TJS,logreg,wf_oos,656,2,361,1.0,0.5503048780487805,0.49,1.817174515235457,2.0408163265306123,58.07147807654399,0.014537902388369677,0.0,0.2505419847765953,1.6589771129011635,1.9607006881758873,51.59030955390968,64.5526465991783,cbr_context_logreg,"A,B,C,D,E"
1,RUB->UZS,logreg,wf_oos,656,0,345,,0.5259146341463414,,,,,0.0,,0.2539103159143391,,,,,cbr_context_logreg,"A,B,C,D,E"
1,RUB->AMD,logreg,oot,247,12,132,0.8333333333333334,0.5344129554655871,0.535,1.5593434343434343,1.557632398753894,44.56627013592405,0.23076923076923078,0.08333333333333333,0.24589387577087657,1.145457528180354,1.9789706167362933,0.7691412240908735,85.15303387396746,cbr_context_logreg,"A,B,C,D,E"
1,RUB->KGS,logreg,oot,247,8,117,0.5,0.47368421052631576,0.43,1.0555555555555556,1.1627906976744187,38.35988750742878,0.15384615384615385,0.0,0.250185653795064,0.0,2.10141120117907,-12.715334662635366,104.34477393594541,cbr_context_logreg,"A,B,C,D,E"
1,RUB->KZT,logreg,oot,247,8,142,0.875,0.5748987854251012,0.5675,1.5220070422535212,1.5418502202643172,30.661875215518194,0.15384615384615385,0.0,0.25390513720782026,1.1873109076433122,2.058765756302521,5.457586930429519,57.89026480430559,cbr_context_logreg,"A,B,C,D,E"
1,RUB->TJS,logreg,oot,247,10,125,0.9,0.5060728744939271,0.536,1.7784,1.6791044776119401,58.2488979199941,0.19230769230769232,0.0,0.24377372230281888,1.2764766284854794,2.330188679245283,17.126501919511927,102.00431246834157,cbr_context_logreg,"A,B,C,D,E"
1,RUB->UZS,logreg,oot,247,9,136,0.4444444444444444,0.5506072874493927,0.5577777777777778,0.8071895424836601,0.7968127490039839,10.482812452570824,0.17307692307692307,0.0,0.2512633072775517,0.4438589753197442,1.6050203301371515,-29.87675038009817,54.08193574450212,cbr_context_logreg,"A,B,C,D,E"
1,RUB->AMD,catboost,y2022,247,3,124,1.0,0.5020242914979757,0.4866666666666666,1.991935483870968,2.0547945205479454,17.566182521266796,0.059322033898305086,0.0,0.24868662728719151,1.703448275862069,2.430559600077655,5.567622135885465,21.18536120194296,cbr_full_catboost,"A,B,C,E"
1,RUB->KGS,catboost,y2022,247,7,123,0.5714285714285714,0.4979757085020243,0.5342857142857143,1.1475029036004645,1.0695187165775402,27.47048773759716,0.1384180790960452,0.0,0.2475814443297334,0.0,2.0932203389830506,-85.05265113107448,132.67915604860232,cbr_full_catboost,"A,B,C,E"
1,RUB->KZT,catboost,y2022,247,3,116,0.6666666666666666,0.46963562753036436,0.4,1.4195402298850575,1.6666666666666665,-12.65306009719152,0.059322033898305086,0.0,0.24882000043756003,0.0,2.47,-151.00416104577093,77.43530443797596,cbr_full_catboost,"A,B,C,E"
1,RUB->TJS,catboost,y2022,247,6,131,0.5,0.5303643724696356,0.4933333333333333,0.9427480916030534,1.0135135135135136,44.325636353815746,0.11864406779661017,0.0,0.25082500685839465,0.0,1.962669841269841,-80.30550342539328,202.46388123886186,cbr_full_catboost,"A,B,C,E"
1,RUB->UZS,catboost,y2022,247,6,119,0.5,0.4817813765182186,0.48,1.0378151260504203,1.0416666666666667,-45.607601506127516,0.11864406779661017,0.0,0.2516130763551276,0.0,2.0774042950513545,-167.104635335569,61.04366956617668,cbr_full_catboost,"A,B,C,E"
1,RUB->AMD,catboost,wf_oos,656,20,353,0.6,0.538109756097561,0.5429999999999999,1.115014164305949,1.1049723756906078,14.644365906571513,0.14537902388369678,0.2,0.2459686365075709,0.7036034270547545,1.5371614055123015,-12.973654081600179,47.8501700887062,cbr_full_catboost,"A,B,C,E"
1,RUB->KGS,catboost,wf_oos,656,27,348,0.5925925925925926,0.5304878048780488,0.5488888888888889,1.1170710940825883,1.0796221322537112,21.754141697511795,0.19626168224299065,0.0,0.24928691404981324,0.6160098522167488,1.5619846138864544,-15.663517263379893,56.448229385631386,cbr_full_catboost,"A,B,C,E"
1,RUB->KZT,catboost,wf_oos,656,24,333,0.5416666666666666,0.5076219512195121,0.4708333333333334,1.067067067067067,1.150442477876106,17.962889486046254,0.17445482866043613,0.125,0.25533244953520406,0.7161672413833798,1.39920974791785,-25.276855280133937,58.227061601523594,cbr_full_catboost,"A,B,C,E"
1,RUB->TJS,catboost,wf_oos,656,18,361,0.7222222222222222,0.5503048780487805,0.5433333333333333,1.3124038165589411,1.329243353783231,15.071583510863784,0.1308411214953271,0.1111111111111111,0.24481985251268923,0.9304613380381593,1.7827301267622317,-9.504475638484795,38.16132832201553,cbr_full_catboost,"A,B,C,E"
1,RUB->UZS,catboost,wf_oos,656,17,345,0.35294117647058826,0.5259146341463414,0.5164705882352941,0.6710997442455244,0.683371298405467,-7.836787915099015,0.12357217030114226,0.0,0.2465326537002836,0.14418989830889378,1.113695286195286,-42.20223462444004,21.108995637732693,cbr_full_catboost,"A,B,C,E"
1,RUB->AMD,catboost,oot,247,0,132,,0.5344129554655871,,,,,0.0,,0.24545249119648574,,,,,cbr_full_catboost,"A,B,C,E"
1,RUB->KGS,catboost,oot,247,0,117,,0.47368421052631576,,,,,0.0,,0.2529107241770234,,,,,cbr_full_catboost,"A,B,C,E"
1,RUB->KZT,catboost,oot,247,0,142,,0.5748987854251012,,,,,0.0,,0.2553686881381868,,,,,cbr_full_catboost,"A,B,C,E"
1,RUB->TJS,catboost,oot,247,1,125,1.0,0.5060728744939271,0.54,1.976,1.8518518518518516,93.47204251788567,0.019230769230769232,0.0,0.24429343846326163,1.7305619430870942,2.3335175202156333,93.47204251788567,93.47204251788567,cbr_full_catboost,"A,B,C,E"
1,RUB->UZS,catboost,oot,247,0,136,,0.5506072874493927,,,,,0.0,,0.24495951305887848,,,,,cbr_full_catboost,"A,B,C,E"
1,RUB->AMD,catboost,y2022,247,0,124,,0.5020242914979757,,,,,0.0,,0.25015275467946885,,,,,cbr_context_catboost,"A,B,C,D,E"
1,RUB->KGS,catboost,y2022,247,0,123,,0.4979757085020243,,,,,0.0,,0.2509150792756378,,,,,cbr_context_catboost,"A,B,C,D,E"
1,RUB->KZT,catboost,y2022,247,1,116,1.0,0.46963562753036436,0.4,2.1293103448275863,2.5,166.74938700525234,0.01977401129943503,0.0,0.2464122967732879,1.8296296296296295,2.54639175257732,166.74938700525234,166.74938700525234,cbr_context_catboost,"A,B,C,D,E"
1,RUB->TJS,catboost,y2022,247,0,131,,0.5303643724696356,,,,,0.0,,0.25391192782298094,,,,,cbr_context_catboost,"A,B,C,D,E"
1,RUB->UZS,catboost,y2022,247,3,119,1.0,0.4817813765182186,0.46666666666666656,2.0756302521008405,2.1428571428571432,67.62959946380924,0.059322033898305086,0.0,0.24939439940762048,1.8171854575163398,2.5184987631416202,22.282060401076958,90.30336899517539,cbr_context_catboost,"A,B,C,D,E"
1,RUB->AMD,catboost,wf_oos,656,23,353,0.6956521739130435,0.538109756097561,0.5260869565217391,1.2927700455721147,1.322314049586777,59.44590107995064,0.16718587746625127,0.043478260869565216,0.24909268880884028,0.9060149460450816,1.6375141954364731,21.619083609467697,108.69677228191856,cbr_context_catboost,"A,B,C,D,E"
1,RUB->KGS,catboost,wf_oos,656,33,348,0.6363636363636364,0.5304878048780488,0.5551515151515152,1.199582027168234,1.1462882096069869,35.93605146997436,0.23987538940809966,0.0,0.2502678389337493,0.9010969672442759,1.4678351786677628,14.203112735617188,76.92970192707786,cbr_context_catboost,"A,B,C,D,E"
1,RUB->KZT,catboost,wf_oos,656,27,333,0.5925925925925926,0.5076219512195121,0.49185185185185193,1.1673896118340563,1.2048192771084334,17.438652065990613,0.19626168224299065,0.07407407407407407,0.2548304769162039,0.8237743907673885,1.6664682064442542,-17.949359049686272,66.08639763980338,cbr_context_catboost,"A,B,C,D,E"
1,RUB->TJS,catboost,wf_oos,656,29,361,0.7931034482758621,0.5503048780487805,0.5889655172413792,1.441207374152259,1.3466042154566746,42.008040902231464,0.2107995846313603,0.06896551724137931,0.2544614560471671,1.1576063328001314,1.7377322698966116,8.681979063079273,76.61766622093423,cbr_context_catboost,"A,B,C,D,E"
1,RUB->UZS,catboost,wf_oos,656,31,345,0.5483870967741935,0.5259146341463414,0.5212903225806452,1.042730247779336,1.0519801980198018,28.90831708846986,0.22533748701973,0.03225806451612903,0.25076748935041016,0.8072716845878137,1.3821862848218969,0.6806395749140836,71.78036464759813,cbr_context_catboost,"A,B,C,D,E"
1,RUB->AMD,catboost,oot,247,4,132,0.75,0.5344129554655871,0.55,1.4034090909090908,1.3636363636363635,84.15284074038317,0.07692307692307693,0.0,0.24239850461901405,0.4930275590551181,2.205357142857143,-12.656503761390624,172.49854895378564,cbr_context_catboost,"A,B,C,D,E"
1,RUB->KGS,catboost,oot,247,5,117,1.0,0.47368421052631576,0.48,2.111111111111111,2.0833333333333335,117.03738195108704,0.09615384615384616,0.2,0.24341004340051936,1.8826393708073097,2.7142857142857144,84.18795635295568,184.8579690881823,cbr_context_catboost,"A,B,C,D,E"
1,RUB->KZT,catboost,oot,247,9,142,0.8888888888888888,0.5748987854251012,0.5955555555555556,1.546165884194053,1.4925373134328357,42.635935278371356,0.17307692307692307,0.1111111111111111,0.24590963901271343,1.1605130952380953,1.991935483870968,-39.21263640987385,101.43301319508124,cbr_context_catboost,"A,B,C,D,E"
1,RUB->TJS,catboost,oot,247,11,125,0.8181818181818182,0.5060728744939271,0.5327272727272728,1.6167272727272728,1.5358361774744025,60.34851966208374,0.21153846153846154,0.09090909090909091,0.24398768633634746,1.1530206501205134,2.2454545454545456,31.08868066828887,87.33652115331974,cbr_context_catboost,"A,B,C,D,E"
1,RUB->UZS,catboost,oot,247,6,136,0.8333333333333334,0.5506072874493927,0.56,1.513480392156863,1.488095238095238,54.57593952793192,0.11538461538461539,0.16666666666666666,0.24479482099401473,0.4712847704140643,2.0756302521008405,-14.166109070613775,84.7181220987539,cbr_context_catboost,"A,B,C,D,E"
3,RUB->AMD,logreg,y2022,247,1,85,0.0,0.3441295546558704,0.42,0.0,0.0,-160.1087308700569,0.01977401129943503,0.0,0.24258279456054,0.0,0.0,-160.1087308700569,-160.1087308700569,incumbent_ab,"A,B"
3,RUB->KGS,logreg,y2022,247,0,84,,0.340080971659919,,,,,0.0,,0.22897355761636798,,,,,incumbent_ab,"A,B"
3,RUB->KZT,logreg,y2022,247,2,75,0.0,0.30364372469635625,0.32,0.0,0.0,-312.38712972035734,0.03954802259887006,0.0,0.22454984496817032,0.0,0.0,-515.872372834668,-108.9018866060467,incumbent_ab,"A,B"
3,RUB->TJS,logreg,y2022,247,1,87,0.0,0.3522267206477733,0.48,0.0,0.0,-269.5898571895586,0.01977401129943503,0.0,0.2372094271511219,0.0,0.0,-269.5898571895586,-269.5898571895586,incumbent_ab,"A,B"
3,RUB->UZS,logreg,y2022,247,1,79,0.0,0.31983805668016196,0.28,0.0,0.0,-95.58569107679283,0.01977401129943503,0.0,0.23930209722290782,0.0,0.0,-95.58569107679283,-95.58569107679283,incumbent_ab,"A,B"
3,RUB->AMD,logreg,wf_oos,656,34,255,0.35294117647058826,0.38871951219512196,0.38411764705882356,0.9079584775086506,0.9188361408882082,10.87264591582866,0.24714434060228452,0.11764705882352941,0.2395118159572528,0.4481965998047165,1.475706560728636,-28.88196785581033,56.66924524451271,incumbent_ab,"A,B"
3,RUB->KGS,logreg,wf_oos,656,31,252,0.41935483870967744,0.38414634146341464,0.39806451612903226,1.0916538658474142,1.053484602917342,8.917001834064639,0.22533748701973,0.06451612903225806,0.23793162995203349,0.6416936600071016,1.556261021587108,-16.59855126683728,39.676429697749064,incumbent_ab,"A,B"
3,RUB->KZT,logreg,wf_oos,656,27,222,0.37037037037037035,0.3384146341463415,0.3488888888888889,1.0944277610944275,1.0615711252653925,18.816588670460046,0.19626168224299065,0.07407407407407407,0.2287688923573145,0.5285318395008162,1.6986821496084248,-34.0696065859888,89.36596356635943,incumbent_ab,"A,B"
3,RUB->TJS,logreg,wf_oos,656,32,266,0.46875,0.4054878048780488,0.3925,1.1560150375939848,1.1942675159235667,55.97178645061256,0.23260643821391483,0.0625,0.24173953307596185,0.7307796749158886,1.6020372714920945,16.98469339066892,97.21514588998336,incumbent_ab,"A,B"
3,RUB->UZS,logreg,wf_oos,656,32,247,0.4375,0.37652439024390244,0.355625,1.1619433198380567,1.2302284710017575,-3.517088260336333,0.23260643821391483,0.0625,0.23398316336629268,0.7846755954715402,1.6258766742661726,-35.305665363100864,30.396779932824955,incumbent_ab,"A,B"
3,RUB->AMD,logreg,oot,245,13,92,0.23076923076923078,0.37551020408163266,0.38,0.6145484949832776,0.6072874493927126,9.90205019350546,0.25277777777777777,0.0,0.23739257241830497,0.0,1.1915914045468692,-43.79526021127092,80.32001282373103,incumbent_ab,"A,B"
3,RUB->KGS,logreg,oot,245,15,87,0.3333333333333333,0.3551020408163265,0.34,0.9386973180076629,0.980392156862745,47.07112062525781,0.29166666666666663,0.06666666666666667,0.2298748512475848,0.18949996969301355,1.7427187055476525,-45.17739572732542,122.91469684690391,incumbent_ab,"A,B"
3,RUB->KZT,logreg,oot,245,8,94,0.125,0.3836734693877551,0.3875,0.32579787234042556,0.3225806451612903,5.586911615493514,0.15555555555555556,0.0,0.25259455142766196,0.0,0.9610702614379082,-61.24135104630452,106.78800018997067,incumbent_ab,"A,B"
3,RUB->TJS,logreg,oot,245,19,91,0.3684210526315789,0.37142857142857144,0.3673684210526315,0.9919028340080971,1.0028653295128942,24.38019845087648,0.3694444444444444,0.0,0.23134366151890595,0.20574167744518357,1.333348457350272,-55.38106570522637,71.65103413350404,incumbent_ab,"A,B"
3,RUB->UZS,logreg,oot,245,15,96,0.4,0.39183673469387753,0.39599999999999985,1.0208333333333335,1.0101010101010106,27.19805617618788,0.29166666666666663,0.0,0.2440713812972166,0.4227528089887641,1.628029742836366,-45.394066222972164,85.44083743324913,incumbent_ab,"A,B"
3,RUB->AMD,logreg,y2022,247,1,85,1.0,0.3441295546558704,0.42,2.905882352941177,2.380952380952381,132.41526554576845,0.01977401129943503,0.0,0.252513749382936,2.330188679245283,4.049180327868853,132.41526554576845,132.41526554576845,cbr_full_logreg,"A,B,C,E"
3,RUB->KGS,logreg,y2022,247,1,84,1.0,0.340080971659919,0.3,2.9404761904761907,3.3333333333333335,125.35907106458605,0.01977401129943503,0.0,0.25106805500734475,2.4151032743194363,4.001831041776836,125.35907106458605,125.35907106458605,cbr_full_logreg,"A,B,C,E"
3,RUB->KZT,logreg,y2022,247,0,75,,0.30364372469635625,,,,,0.0,,0.24025494393677707,,,,,cbr_full_logreg,"A,B,C,E"
3,RUB->TJS,logreg,y2022,247,1,87,1.0,0.3522267206477733,0.26,2.839080459770115,3.846153846153846,133.26444673062085,0.01977401129943503,0.0,0.257239779546985,2.409926470588235,3.756818181818182,133.26444673062085,133.26444673062085,cbr_full_logreg,"A,B,C,E"
3,RUB->UZS,logreg,y2022,247,0,79,,0.31983805668016196,,,,,0.0,,0.24717914213116693,,,,,cbr_full_logreg,"A,B,C,E"
3,RUB->AMD,logreg,wf_oos,656,42,255,0.38095238095238093,0.38871951219512196,0.38857142857142846,0.9800186741363212,0.9803921568627453,-1.1826282486831101,0.3052959501557632,0.11904761904761904,0.23760089053118597,0.6551830542466612,1.3610041574818466,-30.89096401549862,49.03517244506561,cbr_full_logreg,"A,B,C,E"
3,RUB->KGS,logreg,wf_oos,656,43,252,0.3488372093023256,0.38414634146341464,0.3995348837209301,0.9080841638981174,0.873108265424913,4.609780735413438,0.3125649013499481,0.023255813953488372,0.237561587386699,0.4841808442520704,1.40020572450805,-42.60077311287851,54.46794413979699,cbr_full_logreg,"A,B,C,E"
3,RUB->KZT,logreg,wf_oos,656,43,222,0.37209302325581395,0.3384146341463415,0.33069767441860465,1.0995181227739366,1.1251758087201125,25.10084706800838,0.3125649013499481,0.11627906976744186,0.22831268159157642,0.7884033923303835,1.6561632616796538,-11.29315965176392,85.59189002562685,cbr_full_logreg,"A,B,C,E"
3,RUB->TJS,logreg,wf_oos,656,39,266,0.41025641025641024,0.4054878048780488,0.40256410256410247,1.0117601696549063,1.0191082802547773,2.375918060917068,0.2834890965732087,0.10256410256410256,0.241696240520467,0.6147296731079248,1.476933820998647,-24.08286206185714,41.946150770277974,cbr_full_logreg,"A,B,C,E"
3,RUB->UZS,logreg,wf_oos,656,42,247,0.38095238095238093,0.37652439024390244,0.3790476190476191,1.0117601696549063,1.0050251256281406,8.265973815774998,0.3052959501557632,0.047619047619047616,0.23503402283713987,0.6315920987097297,1.4999133512297278,-24.62929155458684,56.415857609189324,cbr_full_logreg,"A,B,C,E"
3,RUB->AMD,logreg,oot,245,0,92,,0.37551020408163266,,,,,0.0,,0.23444671395463562,,,,,cbr_full_logreg,"A,B,C,E"
3,RUB->KGS,logreg,oot,245,0,87,,0.3551020408163265,,,,,0.0,,0.23042732286442918,,,,,cbr_full_logreg,"A,B,C,E"
3,RUB->KZT,logreg,oot,245,0,94,,0.3836734693877551,,,,,0.0,,0.26021343559970056,,,,,cbr_full_logreg,"A,B,C,E"
3,RUB->TJS,logreg,oot,245,0,91,,0.37142857142857144,,,,,0.0,,0.22999917321183402,,,,,cbr_full_logreg,"A,B,C,E"
3,RUB->UZS,logreg,oot,245,0,96,,0.39183673469387753,,,,,0.0,,0.2453035120783671,,,,,cbr_full_logreg,"A,B,C,E"
3,RUB->AMD,logreg,y2022,247,0,85,,0.3441295546558704,,,,,0.0,,0.29328870117456635,,,,,cbr_context_logreg,"A,B,C,D,E"
3,RUB->KGS,logreg,y2022,247,0,84,,0.340080971659919,,,,,0.0,,0.2840695138229049,,,,,cbr_context_logreg,"A,B,C,D,E"
3,RUB->KZT,logreg,y2022,247,3,75,0.0,0.30364372469635625,0.32,0.0,0.0,-242.34236395584176,0.059322033898305086,0.0,0.2723148174885448,0.0,0.0,-457.241805419653,0.8530114244706953,cbr_context_logreg,"A,B,C,D,E"
3,RUB->TJS,logreg,y2022,247,0,87,,0.3522267206477733,,,,,0.0,,0.28637673077009285,,,,,cbr_context_logreg,"A,B,C,D,E"
3,RUB->UZS,logreg,y2022,247,1,79,0.0,0.31983805668016196,0.34,0.0,0.0,-786.1568180611537,0.01977401129943503,0.0,0.286745782084734,0.0,0.0,-786.1568180611537,-786.1568180611536,cbr_context_logreg,"A,B,C,D,E"
3,RUB->AMD,logreg,wf_oos,656,14,255,0.35714285714285715,0.38871951219512196,0.39,0.9187675070028011,0.9157509157509157,17.741604946237302,0.10176531671858774,0.07142857142857142,0.2402173340598852,0.18926686795729483,1.9439206349206346,-31.70254430968755,106.85666304124476,cbr_context_logreg,"A,B,C,D,E"
3,RUB->KGS,logreg,wf_oos,656,7,252,0.5714285714285714,0.38414634146341464,0.4114285714285713,1.4875283446712018,1.3888888888888893,22.60036518647757,0.05088265835929387,0.0,0.23739640219508326,0.5374190324899201,2.6885245901639343,-12.71651801127558,102.05915097671593,cbr_context_logreg,"A,B,C,D,E"
3,RUB->KZT,logreg,wf_oos,656,5,222,0.4,0.3384146341463415,0.36,1.181981981981982,1.1111111111111112,67.88653691034389,0.036344755970924195,0.0,0.22735486122204973,0.0,3.0693782633495674,-37.776496166332066,365.78039711228513,cbr_context_logreg,"A,B,C,D,E"
3,RUB->TJS,logreg,wf_oos,656,8,266,0.5,0.4054878048780488,0.3575,1.2330827067669172,1.3986013986013988,29.62245784761798,0.05815160955347871,0.0,0.2407594417752892,0.5064662904662904,2.3950407900386437,-19.606966933522564,125.24292432495974,cbr_context_logreg,"A,B,C,D,E"
3,RUB->UZS,logreg,wf_oos,656,11,247,0.36363636363636365,0.37652439024390244,0.3818181818181818,0.965771071034229,0.9523809523809526,-1.9204605529400824,0.07995846313603322,0.09090909090909091,0.2366162253325209,0.0,1.9299859943977586,-88.75900559198121,78.54450505451445,cbr_context_logreg,"A,B,C,D,E"
3,RUB->AMD,logreg,oot,245,0,92,,0.37551020408163266,,,,,0.0,,0.23627837219447997,,,,,cbr_context_logreg,"A,B,C,D,E"
3,RUB->KGS,logreg,oot,245,0,87,,0.3551020408163265,,,,,0.0,,0.22948881673155871,,,,,cbr_context_logreg,"A,B,C,D,E"
3,RUB->KZT,logreg,oot,245,0,94,,0.3836734693877551,,,,,0.0,,0.24668345066075878,,,,,cbr_context_logreg,"A,B,C,D,E"
3,RUB->TJS,logreg,oot,245,0,91,,0.37142857142857144,,,,,0.0,,0.23342515506980208,,,,,cbr_context_logreg,"A,B,C,D,E"
3,RUB->UZS,logreg,oot,245,0,96,,0.39183673469387753,,,,,0.0,,0.24664949392845947,,,,,cbr_context_logreg,"A,B,C,D,E"
3,RUB->AMD,catboost,y2022,247,1,85,0.0,0.3441295546558704,0.42,0.0,0.0,-316.42933322347676,0.01977401129943503,0.0,0.26622049543438875,0.0,0.0,-316.42933322347676,-316.42933322347676,cbr_full_catboost,"A,B,C,E"
3,RUB->KGS,catboost,y2022,247,0,84,,0.340080971659919,,,,,0.0,,0.2531737444504506,,,,,cbr_full_catboost,"A,B,C,E"
3,RUB->KZT,catboost,y2022,247,0,75,,0.30364372469635625,,,,,0.0,,0.2333167371964833,,,,,cbr_full_catboost,"A,B,C,E"
3,RUB->TJS,catboost,y2022,247,0,87,,0.3522267206477733,,,,,0.0,,0.2606230351245802,,,,,cbr_full_catboost,"A,B,C,E"
3,RUB->UZS,catboost,y2022,247,0,79,,0.31983805668016196,,,,,0.0,,0.2477617855340095,,,,,cbr_full_catboost,"A,B,C,E"
3,RUB->AMD,catboost,wf_oos,656,58,255,0.3448275862068966,0.38871951219512196,0.3927586206896552,0.8870858688302907,0.8779631255487269,-7.607468247071451,0.4215991692627206,0.017241379310344827,0.23634213932779694,0.6187676407949442,1.2676459781708151,-37.01729990469318,26.76119108207131,cbr_full_catboost,"A,B,C,E"
3,RUB->KGS,catboost,wf_oos,656,75,252,0.4,0.38414634146341464,0.38586666666666664,1.0412698412698413,1.0366275051831377,14.37632552473362,0.5451713395638629,0.013333333333333334,0.23632340550524944,0.8284448815314902,1.3177815082644628,-6.146046327622259,36.96861120069595,cbr_full_catboost,"A,B,C,E"
3,RUB->KZT,catboost,wf_oos,656,60,222,0.3,0.3384146341463415,0.335,0.8864864864864864,0.8955223880597014,-3.125842731171257,0.4361370716510903,0.08333333333333333,0.23395138635452004,0.6222421054972425,1.2047362099976437,-46.005391636047705,37.8598817878308,cbr_full_catboost,"A,B,C,E"
3,RUB->TJS,catboost,wf_oos,656,66,266,0.42424242424242425,0.4054878048780488,0.39787878787878783,1.0462519936204147,1.0662604722010665,14.092354047100184,0.4797507788161993,0.030303030303030304,0.24171499637295082,0.763277259614365,1.28152178030303,-8.997521012236634,35.013868563152556,cbr_full_catboost,"A,B,C,E"
3,RUB->UZS,catboost,wf_oos,656,71,247,0.43661971830985913,0.37652439024390244,0.38309859154929576,1.159605405713634,1.1397058823529411,6.601043317440048,0.5160955347871236,0.014084507042253521,0.2343317640435672,0.8607869951399363,1.4519915865654192,-21.489150081983507,35.63181882093383,cbr_full_catboost,"A,B,C,E"
3,RUB->AMD,catboost,oot,245,0,92,,0.37551020408163266,,,,,0.0,,0.23473308149363634,,,,,cbr_full_catboost,"A,B,C,E"
3,RUB->KGS,catboost,oot,245,1,87,1.0,0.3551020408163265,0.38,2.8160919540229887,2.6315789473684212,253.73679829492175,0.019444444444444445,0.0,0.22371702837523524,2.248747026843357,4.083333333333333,253.73679829492175,253.73679829492175,cbr_full_catboost,"A,B,C,E"
3,RUB->KZT,catboost,oot,245,0,94,,0.3836734693877551,,,,,0.0,,0.2422778752670646,,,,,cbr_full_catboost,"A,B,C,E"
3,RUB->TJS,catboost,oot,245,1,91,1.0,0.37142857142857144,0.42,2.692307692307692,2.380952380952381,235.84042641663694,0.019444444444444445,0.0,0.2279443805264535,2.227272727272727,3.6144230769230763,235.84042641663694,235.84042641663694,cbr_full_catboost,"A,B,C,E"
3,RUB->UZS,catboost,oot,245,0,96,,0.39183673469387753,,,,,0.0,,0.23773655265657895,,,,,cbr_full_catboost,"A,B,C,E"
3,RUB->AMD,catboost,y2022,247,0,85,,0.3441295546558704,,,,,0.0,,0.2363723874008026,,,,,cbr_context_catboost,"A,B,C,D,E"
3,RUB->KGS,catboost,y2022,247,0,84,,0.340080971659919,,,,,0.0,,0.23288557035809507,,,,,cbr_context_catboost,"A,B,C,D,E"
3,RUB->KZT,catboost,y2022,247,0,75,,0.30364372469635625,,,,,0.0,,0.21879875309458918,,,,,cbr_context_catboost,"A,B,C,D,E"
3,RUB->TJS,catboost,y2022,247,0,87,,0.3522267206477733,,,,,0.0,,0.2386827510129727,,,,,cbr_context_catboost,"A,B,C,D,E"
3,RUB->UZS,catboost,y2022,247,0,79,,0.31983805668016196,,,,,0.0,,0.22765506092662804,,,,,cbr_context_catboost,"A,B,C,D,E"
3,RUB->AMD,catboost,wf_oos,656,18,255,0.2222222222222222,0.38871951219512196,0.3844444444444444,0.571677559912854,0.5780346820809249,-52.87400050155834,0.1308411214953271,0.16666666666666666,0.23931704920639926,0.10362523845517045,1.4021901323706372,-124.45433608754163,15.224061314710523,cbr_context_catboost,"A,B,C,D,E"
3,RUB->KGS,catboost,wf_oos,656,24,252,0.3333333333333333,0.38414634146341464,0.395,0.8677248677248677,0.8438818565400843,-1.2070054577066542,0.17445482866043613,0.0,0.23904236769436174,0.4499888572952751,1.2685685263153252,-37.36697459665106,38.2303733508909,cbr_context_catboost,"A,B,C,D,E"
3,RUB->KZT,catboost,wf_oos,656,22,222,0.36363636363636365,0.3384146341463415,0.3409090909090909,1.0745290745290745,1.0666666666666669,35.568556668640205,0.15991692627206644,0.22727272727272727,0.23076694611777257,0.4685971499462046,2.034187490972122,-18.290159050091084,117.23213115780857,cbr_context_catboost,"A,B,C,D,E"
3,RUB->TJS,catboost,wf_oos,656,18,266,0.3333333333333333,0.4054878048780488,0.3766666666666667,0.8220551378446115,0.8849557522123892,21.513882349203126,0.1308411214953271,0.0,0.24886000646063508,0.36891770881580976,1.5257514803419476,-16.994533559328648,69.89743907436679,cbr_context_catboost,"A,B,C,D,E"
3,RUB->UZS,catboost,wf_oos,656,22,247,0.4090909090909091,0.37652439024390244,0.3899999999999999,1.0864924549135075,1.0489510489510492,11.295115625388492,0.15991692627206644,0.18181818181818182,0.2354433446043967,0.5442863241295699,1.864171891327063,-51.675817859216124,70.51162400440353,cbr_context_catboost,"A,B,C,D,E"
3,RUB->AMD,catboost,oot,245,0,92,,0.37551020408163266,,,,,0.0,,0.22549014575533288,,,,,cbr_context_catboost,"A,B,C,D,E"
3,RUB->KGS,catboost,oot,245,0,87,,0.3551020408163265,,,,,0.0,,0.21967764110169674,,,,,cbr_context_catboost,"A,B,C,D,E"
3,RUB->KZT,catboost,oot,245,0,94,,0.3836734693877551,,,,,0.0,,0.2288949928145441,,,,,cbr_context_catboost,"A,B,C,D,E"
3,RUB->TJS,catboost,oot,245,0,91,,0.37142857142857144,,,,,0.0,,0.22795534452808938,,,,,cbr_context_catboost,"A,B,C,D,E"
3,RUB->UZS,catboost,oot,245,0,96,,0.39183673469387753,,,,,0.0,,0.23029471480542593,,,,,cbr_context_catboost,"A,B,C,D,E"
5,RUB->AMD,logreg,y2022,247,6,72,0.3333333333333333,0.291497975708502,0.2833333333333333,1.1435185185185186,1.1764705882352942,-35.813940160908935,0.11864406779661017,0.0,0.23003187593522176,0.0,2.6001371308016874,-398.87792319012397,526.5992291914407,incumbent_ab,"A,B"
5,RUB->KGS,logreg,y2022,247,3,65,0.3333333333333333,0.2631578947368421,0.29333333333333333,1.2666666666666666,1.1363636363636362,-40.18809377483144,0.059322033898305086,0.0,0.1995221695908346,0.0,3.842119970193737,-129.24749415538957,116.35373090767592,incumbent_ab,"A,B"
5,RUB->KZT,logreg,y2022,247,6,64,0.0,0.2591093117408907,0.26666666666666666,0.0,0.0,-229.849851023558,0.11864406779661017,0.3333333333333333,0.21928909504984503,0.0,0.0,-444.9855998642352,168.37070616103185,incumbent_ab,"A,B"
5,RUB->TJS,logreg,y2022,247,10,77,0.2,0.3117408906882591,0.314,0.6415584415584416,0.6369426751592357,-16.562004782644838,0.1977401129943503,0.0,0.23165348292006122,0.0,1.604158178422884,-269.67925012922547,352.490316025766,incumbent_ab,"A,B"
5,RUB->UZS,logreg,y2022,247,7,65,0.14285714285714285,0.2631578947368421,0.2485714285714285,0.5428571428571428,0.5747126436781611,-286.7316190333089,0.1384180790960452,0.0,0.2149300139120881,0.0,1.6935934442270042,-516.0107217089312,-6.8428934292432135,incumbent_ab,"A,B"
5,RUB->AMD,logreg,wf_oos,656,23,215,0.30434782608695654,0.3277439024390244,0.31913043478260866,0.9286147623862487,0.9536784741144416,34.63437604669451,0.16718587746625127,0.13043478260869565,0.2220921875374936,0.30746626958009743,2.0449544529544523,-23.448444694730807,143.01922983498213,incumbent_ab,"A,B"
5,RUB->KGS,logreg,wf_oos,656,19,215,0.3157894736842105,0.3277439024390244,0.3389473684210526,0.9635250917992655,0.9316770186335404,20.3354684643003,0.13811007268951192,0.10526315789473684,0.22431673481856274,0.09631079656678226,1.9724962674450102,-30.23713357680931,98.65976677224633,incumbent_ab,"A,B"
5,RUB->KZT,logreg,wf_oos,656,20,183,0.2,0.27896341463414637,0.275,0.7169398907103824,0.7272727272727273,11.175531875539665,0.14537902388369678,0.05,0.20807349551799179,0.12800265054554033,2.1305707450444284,-66.5170616277458,126.95187861422222,incumbent_ab,"A,B"
5,RUB->TJS,logreg,wf_oos,656,27,230,0.4074074074074074,0.35060975609756095,0.3614814814814815,1.1619967793880837,1.1270491803278686,49.96614391430636,0.19626168224299065,0.037037037037037035,0.229288773337992,0.49747917415797677,1.7526234567901229,-5.368966728333671,108.8084755051573,incumbent_ab,"A,B"
5,RUB->UZS,logreg,wf_oos,656,19,204,0.3684210526315789,0.31097560975609756,0.32315789473684203,1.1847265221878225,1.1400651465798048,51.99614856087323,0.13811007268951192,0.10526315789473684,0.21382957387672416,0.47088814889679675,2.140053043567823,-4.846432066244326,133.6844235545798,incumbent_ab,"A,B"
5,RUB->AMD,logreg,oot,243,0,74,,0.3045267489711934,,,,,0.0,,0.21045587908123609,,,,,incumbent_ab,"A,B"
5,RUB->KGS,logreg,oot,243,0,70,,0.2880658436213992,,,,,0.0,,0.20546768895818301,,,,,incumbent_ab,"A,B"
5,RUB->KZT,logreg,oot,243,0,80,,0.3292181069958848,,,,,0.0,,0.24074411421444558,,,,,incumbent_ab,"A,B"
5,RUB->TJS,logreg,oot,243,0,73,,0.3004115226337449,,,,,0.0,,0.20814765426329754,,,,,incumbent_ab,"A,B"
5,RUB->UZS,logreg,oot,243,0,83,,0.34156378600823045,,,,,0.0,,0.23136581769667572,,,,,incumbent_ab,"A,B"
5,RUB->AMD,logreg,y2022,247,1,72,1.0,0.291497975708502,0.36,3.430555555555556,2.7777777777777777,131.11289031224936,0.01977401129943503,0.0,0.20958373333529898,2.6073426189953937,4.9652040816326535,131.11289031224936,131.11289031224936,cbr_full_logreg,"A,B,C,E"
5,RUB->KGS,logreg,y2022,247,1,65,1.0,0.2631578947368421,0.18,3.8000000000000003,5.555555555555555,116.35373090767592,0.01977401129943503,0.0,0.19308526153141162,2.9566477675407516,5.920397793263644,116.35373090767592,116.35373090767592,cbr_full_logreg,"A,B,C,E"
5,RUB->KZT,logreg,y2022,247,0,64,,0.2591093117408907,,,,,0.0,,0.1930028603273457,,,,,cbr_full_logreg,"A,B,C,E"
5,RUB->TJS,logreg,y2022,247,1,77,1.0,0.3117408906882591,0.18,3.207792207792208,5.555555555555555,124.64357961298096,0.01977401129943503,0.0,0.22015454724959382,2.5729166666666665,4.595649895178196,124.64357961298096,124.64357961298096,cbr_full_logreg,"A,B,C,E"
5,RUB->UZS,logreg,y2022,247,3,65,0.3333333333333333,0.2631578947368421,0.18,1.2666666666666666,1.8518518518518519,-227.68127873273662,0.059322033898305086,0.0,0.2007800165394984,0.0,4.640959119496853,-478.4657811202792,118.04764681798521,cbr_full_logreg,"A,B,C,E"
5,RUB->AMD,logreg,wf_oos,656,14,215,0.21428571428571427,0.3277439024390244,0.3371428571428571,0.6538205980066445,0.6355932203389831,-20.33327378499366,0.10176531671858774,0.07142857142857142,0.22050567476531838,0.14340807174887912,1.6426518826518817,-87.28822473839753,65.97037624079863,cbr_full_logreg,"A,B,C,E"
5,RUB->KGS,logreg,wf_oos,656,15,215,0.13333333333333333,0.3277439024390244,0.344,0.40682170542635654,0.3875968992248062,-34.29448970638771,0.10903426791277257,0.13333333333333333,0.2223102688916854,0.0,0.5636591255379625,-116.44532299411317,49.36851431398992,cbr_full_logreg,"A,B,C,E"
5,RUB->KZT,logreg,wf_oos,656,11,183,0.2727272727272727,0.27896341463414637,0.2909090909090909,0.9776453055141578,0.9375,23.484093763351833,0.07995846313603322,0.0,0.20713376072262163,0.0,2.036810250599122,-46.98073139572507,105.47818120790433,cbr_full_logreg,"A,B,C,E"
5,RUB->TJS,logreg,wf_oos,656,19,230,0.42105263157894735,0.35060975609756095,0.35368421052631577,1.2009153318077803,1.1904761904761905,13.037406936776975,0.13811007268951192,0.10526315789473684,0.22907769089571342,0.5855488297013721,1.8977461258780748,-88.36789937915735,99.3103724600554,cbr_full_logreg,"A,B,C,E"
5,RUB->UZS,logreg,wf_oos,656,15,204,0.26666666666666666,0.31097560975609756,0.2866666666666666,0.857516339869281,0.930232558139535,-17.807386840358937,0.10903426791277257,0.0,0.21533372351152952,0.0,1.8621702375205762,-95.42798305560443,91.3545043567212,cbr_full_logreg,"A,B,C,E"
5,RUB->AMD,logreg,oot,243,11,74,0.09090909090909091,0.3045267489711934,0.3018181818181818,0.2985257985257985,0.30120481927710846,-10.227730222346162,0.21508379888268156,0.0,0.21169805783818452,0.0,0.9347055984555984,-64.62570716497667,53.54701161442831,cbr_full_logreg,"A,B,C,E"
5,RUB->KGS,logreg,oot,243,13,70,0.38461538461538464,0.2880658436213992,0.28769230769230775,1.335164835164835,1.336898395721925,45.73768781211937,0.2541899441340782,0.07692307692307693,0.2104218288289067,0.0,2.0670390570021104,-90.35341614209307,115.76405713494725,cbr_full_logreg,"A,B,C,E"
5,RUB->KZT,logreg,oot,243,7,80,0.2857142857142857,0.3292181069958848,0.29428571428571426,0.8678571428571428,0.970873786407767,117.65131188579741,0.13687150837988826,0.0,0.23972335829899974,0.0,2.1847616155481324,-76.26214707455581,318.00444298666645,cbr_full_logreg,"A,B,C,E"
5,RUB->TJS,logreg,oot,243,27,73,0.48148148148148145,0.3004115226337449,0.31407407407407406,1.602739726027397,1.5330188679245282,44.660557296236476,0.5279329608938547,0.07407407407407407,0.21250551964436729,0.9991893727967098,2.038053216213514,-27.74536942032284,81.52475866985041,cbr_full_logreg,"A,B,C,E"
5,RUB->UZS,logreg,oot,243,14,83,0.5,0.34156378600823045,0.35,1.463855421686747,1.4285714285714286,64.38153212121271,0.2737430167597765,0.0,0.23399385324338962,0.6528820033955858,2.1699973739495797,-20.03595108048192,114.05594384872231,cbr_full_logreg,"A,B,C,E"
5,RUB->AMD,logreg,y2022,247,14,72,0.07142857142857142,0.291497975708502,0.29142857142857137,0.24503968253968256,0.24509803921568632,-327.4637693186252,0.2768361581920904,0.0,0.272805169317372,0.0,0.8249002306805079,-522.1023953365726,-32.900218236143026,cbr_context_logreg,"A,B,C,D,E"
5,RUB->KGS,logreg,y2022,247,12,65,0.08333333333333333,0.2631578947368421,0.25,0.31666666666666665,0.3333333333333333,-207.51259020883893,0.23728813559322035,0.08333333333333333,0.24254117385220547,0.0,0.922030851838369,-441.5330907170412,27.296625877247287,cbr_context_logreg,"A,B,C,D,E"
5,RUB->KZT,logreg,y2022,247,9,64,0.0,0.2591093117408907,0.26666666666666666,0.0,0.0,-178.16683333089193,0.17796610169491525,0.0,0.2500053552632255,0.0,0.0,-342.3571532449543,168.32973463656293,cbr_context_logreg,"A,B,C,D,E"
5,RUB->TJS,logreg,y2022,247,6,77,0.16666666666666666,0.3117408906882591,0.2833333333333334,0.5346320346320346,0.588235294117647,-117.70735328230158,0.11864406779661017,0.0,0.2616563563918498,0.0,1.300515873015873,-371.5707928887104,15.510160373220927,cbr_context_logreg,"A,B,C,D,E"
5,RUB->UZS,logreg,y2022,247,12,65,0.08333333333333333,0.2631578947368421,0.24999999999999997,0.31666666666666665,0.33333333333333337,-283.80642436097406,0.23728813559322035,0.0,0.26650211868343654,0.0,0.9157861432861425,-559.3699513951569,-58.09077401267693,cbr_context_logreg,"A,B,C,D,E"
5,RUB->AMD,logreg,wf_oos,656,63,215,0.2857142857142857,0.3277439024390244,0.32031746031746033,0.8717607973421926,0.8919722497522299,19.32173359538235,0.4579439252336448,0.1111111111111111,0.22493271488629651,0.5339784794579316,1.241156674323461,-16.836772959223737,67.57809929407408,cbr_context_logreg,"A,B,C,D,E"
5,RUB->KGS,logreg,wf_oos,656,61,215,0.32786885245901637,0.3277439024390244,0.32754098360655737,1.0003812428516965,1.0010010010010009,22.774872702640383,0.44340602284527514,0.03278688524590164,0.2208401996944271,0.6686824072722956,1.4118107759884924,-15.821841250585578,75.66618987358636,cbr_context_logreg,"A,B,C,D,E"
5,RUB->KZT,logreg,wf_oos,656,62,183,0.3064516129032258,0.27896341463414637,0.2745161290322581,1.0985369293142957,1.1163337250293772,19.73457285327622,0.45067497403946,0.06451612903225806,0.20719062733177768,0.7508446115288221,1.4915742354142878,-21.12990409213291,68.00511583643274,cbr_context_logreg,"A,B,C,D,E"
5,RUB->TJS,logreg,wf_oos,656,58,230,0.3275862068965517,0.35060975609756095,0.35758620689655174,0.9343328335832084,0.9161041465766634,24.587028592962362,0.4215991692627206,0.08620689655172414,0.2278492103286206,0.6306227673255538,1.2444027299710083,-5.959413663939278,68.95405962650995,cbr_context_logreg,"A,B,C,D,E"
5,RUB->UZS,logreg,wf_oos,656,59,204,0.3728813559322034,0.31097560975609756,0.30610169491525424,1.1990694582917913,1.2181616832779623,16.09554316984357,0.4288681204569055,0.03389830508474576,0.21618896024764822,0.7446898400433988,1.6588479877525313,-25.511242707024774,63.12524757954852,cbr_context_logreg,"A,B,C,D,E"
5,RUB->AMD,logreg,oot,243,0,74,,0.3045267489711934,,,,,0.0,,0.21310967171570103,,,,,cbr_context_logreg,"A,B,C,D,E"
5,RUB->KGS,logreg,oot,243,0,70,,0.2880658436213992,,,,,0.0,,0.205401124590724,,,,,cbr_context_logreg,"A,B,C,D,E"
5,RUB->KZT,logreg,oot,243,0,80,,0.3292181069958848,,,,,0.0,,0.2323686585835063,,,,,cbr_context_logreg,"A,B,C,D,E"
5,RUB->TJS,logreg,oot,243,0,73,,0.3004115226337449,,,,,0.0,,0.20920301303867883,,,,,cbr_context_logreg,"A,B,C,D,E"
5,RUB->UZS,logreg,oot,243,0,83,,0.34156378600823045,,,,,0.0,,0.23702701640922866,,,,,cbr_context_logreg,"A,B,C,D,E"
5,RUB->AMD,catboost,y2022,247,0,72,,0.291497975708502,,,,,0.0,,0.23381323762434283,,,,,cbr_full_catboost,"A,B,C,E"
5,RUB->KGS,catboost,y2022,247,1,65,0.0,0.2631578947368421,0.32,0.0,0.0,92.12846369028702,0.01977401129943503,0.0,0.20875694183250015,0.0,0.0,92.128463690287,92.12846369028702,cbr_full_catboost,"A,B,C,E"
5,RUB->KZT,catboost,y2022,247,0,64,,0.2591093117408907,,,,,0.0,,0.21034886309905618,,,,,cbr_full_catboost,"A,B,C,E"
5,RUB->TJS,catboost,y2022,247,0,77,,0.3117408906882591,,,,,0.0,,0.23836364279582842,,,,,cbr_full_catboost,"A,B,C,E"
5,RUB->UZS,catboost,y2022,247,0,65,,0.2631578947368421,,,,,0.0,,0.2130100796637233,,,,,cbr_full_catboost,"A,B,C,E"
5,RUB->AMD,catboost,wf_oos,656,52,215,0.2692307692307692,0.3277439024390244,0.3319230769230769,0.8214669051878354,0.8111239860950175,-2.887372264421397,0.3779854620976116,0.15384615384615385,0.22350073023966263,0.4583159077099423,1.1074279568289218,-38.74861725520513,39.53263320409787,cbr_full_catboost,"A,B,C,E"
5,RUB->KGS,catboost,wf_oos,656,58,215,0.3103448275862069,0.3277439024390244,0.33310344827586197,0.9469125902165196,0.9316770186335407,10.821856240091163,0.4215991692627206,0.034482758620689655,0.22043877622007274,0.5944721235929591,1.3860498735609066,-22.85174220642519,52.77293397649209,cbr_full_catboost,"A,B,C,E"
5,RUB->KZT,catboost,wf_oos,656,48,183,0.25,0.27896341463414637,0.26958333333333334,0.896174863387978,0.9273570324574961,4.101669802349561,0.34890965732087226,0.0625,0.2101352693282929,0.5390043096438446,1.364035131476992,-30.503255248142814,46.519639331371934,cbr_full_catboost,"A,B,C,E"
5,RUB->TJS,catboost,wf_oos,656,58,230,0.3103448275862069,0.35060975609756095,0.3465517241379311,0.8851574212893554,0.8955223880597013,18.240305167478812,0.4215991692627206,0.05172413793103448,0.23326537894399524,0.6015420862649408,1.1669729420334622,-14.218010327541371,56.33825412322479,cbr_full_catboost,"A,B,C,E"
5,RUB->UZS,catboost,wf_oos,656,54,204,0.35185185185185186,0.31097560975609756,0.31,1.131445170660857,1.1350059737156513,16.780574276782833,0.3925233644859813,0.09259259259259259,0.21744940979687444,0.7158321368748505,1.6031645632239864,-23.431708555444985,60.008328700758234,cbr_full_catboost,"A,B,C,E"
5,RUB->AMD,catboost,oot,243,8,74,0.375,0.3045267489711934,0.315,1.2314189189189189,1.1904761904761905,48.12535652227342,0.1564245810055866,0.0,0.21238291788923372,0.0,3.681818181818182,-9.858455896373796,135.8630667348731,cbr_full_catboost,"A,B,C,E"
5,RUB->KGS,catboost,oot,243,11,70,0.36363636363636365,0.2880658436213992,0.30000000000000004,1.2623376623376623,1.212121212121212,67.91974067192142,0.21508379888268156,0.0,0.20435704397868443,0.0,2.794177718832891,-57.56471429439143,150.03090746695474,cbr_full_catboost,"A,B,C,E"
5,RUB->KZT,catboost,oot,243,13,80,0.46153846153846156,0.3292181069958848,0.34,1.401923076923077,1.3574660633484164,123.32421051925166,0.2541899441340782,0.07692307692307693,0.22314513426861385,0.27613636363636407,2.5313325048891784,-13.200688236995818,256.0734564469099,cbr_full_catboost,"A,B,C,E"
5,RUB->TJS,catboost,oot,243,23,73,0.43478260869565216,0.3004115226337449,0.28782608695652173,1.4472900536033353,1.5105740181268883,56.70706738000536,0.44972067039106145,0.08695652173913043,0.2100478479201171,0.3481979442970823,2.4925367647058825,-42.24146979985945,152.3845722762939,cbr_full_catboost,"A,B,C,E"
5,RUB->UZS,catboost,oot,243,14,83,0.42857142857142855,0.34156378600823045,0.3285714285714285,1.2547332185886402,1.3043478260869568,28.92289580646987,0.2737430167597765,0.0,0.2244159264585646,0.36899409539981476,1.933023236092266,-115.5850709704877,130.8887238975987,cbr_full_catboost,"A,B,C,E"
5,RUB->AMD,catboost,y2022,247,0,72,,0.291497975708502,,,,,0.0,,0.23166138907428985,,,,,cbr_context_catboost,"A,B,C,D,E"
5,RUB->KGS,catboost,y2022,247,0,65,,0.2631578947368421,,,,,0.0,,0.20918918350172563,,,,,cbr_context_catboost,"A,B,C,D,E"
5,RUB->KZT,catboost,y2022,247,0,64,,0.2591093117408907,,,,,0.0,,0.21058597088031322,,,,,cbr_context_catboost,"A,B,C,D,E"
5,RUB->TJS,catboost,y2022,247,0,77,,0.3117408906882591,,,,,0.0,,0.23926225417884356,,,,,cbr_context_catboost,"A,B,C,D,E"
5,RUB->UZS,catboost,y2022,247,0,65,,0.2631578947368421,,,,,0.0,,0.21341492204888401,,,,,cbr_context_catboost,"A,B,C,D,E"
5,RUB->AMD,catboost,wf_oos,656,45,215,0.2222222222222222,0.3277439024390244,0.31244444444444447,0.6780361757105943,0.7112375533428164,14.10106869398405,0.32710280373831774,0.1111111111111111,0.21861683316876337,0.31970722916326344,1.1409553158705696,-28.102069683950937,66.6589722809176,cbr_context_catboost,"A,B,C,D,E"
5,RUB->KGS,catboost,wf_oos,656,60,215,0.26666666666666666,0.3277439024390244,0.34133333333333327,0.8136434108527131,0.7812500000000001,13.108084337959584,0.4361370716510903,0.0,0.2198381899127707,0.5038402457757296,1.1248305715331828,-31.782498447606606,55.83038538877733,cbr_context_catboost,"A,B,C,D,E"
5,RUB->KZT,catboost,wf_oos,656,57,183,0.2631578947368421,0.27896341463414637,0.2901754385964912,0.9433419614610294,0.9068923821039904,12.466051638941401,0.4143302180685358,0.08771929824561403,0.2064896556888948,0.5619132126910736,1.433903565301188,-43.4551620761514,84.4913053628409,cbr_context_catboost,"A,B,C,D,E"
5,RUB->TJS,catboost,wf_oos,656,51,230,0.29411764705882354,0.35060975609756095,0.34039215686274504,0.8388746803069055,0.8640552995391707,29.28226648488873,0.3707165109034268,0.058823529411764705,0.22837954213966974,0.4474254819438534,1.1463079476979248,-3.083461223326633,52.58593754136375,cbr_context_catboost,"A,B,C,D,E"
5,RUB->UZS,catboost,wf_oos,656,54,204,0.2962962962962963,0.31097560975609756,0.3,0.95279593318809,0.9876543209876543,15.628181528551274,0.3925233644859813,0.07407407407407407,0.2144681762650601,0.4743659872089028,1.3290239434219493,-24.424264282163506,58.74475249595981,cbr_context_catboost,"A,B,C,D,E"
5,RUB->AMD,catboost,oot,243,1,74,0.0,0.3045267489711934,0.3,0.0,0.0,57.92900931478373,0.019553072625698324,0.0,0.21704168815468147,0.0,0.0,57.92900931478372,57.92900931478373,cbr_context_catboost,"A,B,C,D,E"
5,RUB->KGS,catboost,oot,243,2,70,1.0,0.2880658436213992,0.25,3.471428571428571,4.0,301.48388430888247,0.03910614525139665,0.5,0.21001512490289542,2.786755485893417,5.651162790697675,258.9457670459146,315.66325672987176,cbr_context_catboost,"A,B,C,D,E"
5,RUB->KZT,catboost,oot,243,1,80,1.0,0.3292181069958848,0.34,3.0375,2.941176470588235,504.2472083644861,0.019553072625698324,0.0,0.2185727892463821,2.4299999999999997,4.764705882352941,504.2472083644861,504.2472083644861,cbr_context_catboost,"A,B,C,D,E"
5,RUB->TJS,catboost,oot,243,1,73,1.0,0.3004115226337449,0.32,3.328767123287671,3.125,339.5698188080675,0.019553072625698324,0.0,0.2133626469784085,2.6122083047357587,4.959183673469388,339.5698188080675,339.5698188080675,cbr_context_catboost,"A,B,C,D,E"
5,RUB->UZS,catboost,oot,243,2,83,0.5,0.34156378600823045,0.39,1.463855421686747,1.282051282051282,96.84576296752454,0.03910614525139665,0.0,0.225107782136212,0.0,3.193714285714285,-86.01655866376298,279.70808459881204,cbr_context_catboost,"A,B,C,D,E"
10,RUB->AMD,logreg,y2022,247,10,59,0.3,0.2388663967611336,0.23600000000000002,1.2559322033898304,1.271186440677966,21.360268496237005,0.1977401129943503,0.0,0.19146401006323352,0.3415957446808516,2.6305791962174916,-425.0988913867744,570.4177922049305,incumbent_ab,"A,B"
10,RUB->KGS,logreg,y2022,247,2,51,0.0,0.20647773279352227,0.23,0.0,0.0,-21.359174310895554,0.03954802259887006,0.0,0.1657415769693949,0.0,0.0,-436.16761560543557,393.44926698364446,incumbent_ab,"A,B"
10,RUB->KZT,logreg,y2022,247,11,51,0.18181818181818182,0.20647773279352227,0.19454545454545452,0.8805704099821747,0.9345794392523366,38.40381992102595,0.21751412429378533,0.0,0.18471685106800254,0.0,2.9138558106169286,-401.02748031216015,737.0535096384295,incumbent_ab,"A,B"
10,RUB->TJS,logreg,y2022,247,8,57,0.25,0.23076923076923078,0.2225,1.0833333333333333,1.1235955056179776,170.2735557738874,0.15819209039548024,0.0,0.18455677833477913,0.0,2.3278014711277404,-322.14920119725167,755.7913694038942,incumbent_ab,"A,B"
10,RUB->UZS,logreg,y2022,247,6,51,0.0,0.20647773279352227,0.19,0.0,0.0,-701.5792227045741,0.11864406779661017,0.0,0.1710137953615996,0.0,0.0,-1091.842181215701,-388.170543575736,incumbent_ab,"A,B"
10,RUB->AMD,logreg,wf_oos,656,81,174,0.20987654320987653,0.2652439024390244,0.2777777777777778,0.7912586916418333,0.7555555555555554,22.798298544477603,0.5887850467289719,0.07407407407407407,0.1989617790169396,0.475497516542533,1.1292717384729716,-25.105401709828467,75.30210514134514,incumbent_ab,"A,B"
10,RUB->KGS,logreg,wf_oos,656,65,167,0.26153846153846155,0.2545731707317073,0.26830769230769236,1.027360663288807,0.9747706422018347,44.98737319791389,0.4724818276220145,0.046153846153846156,0.1937288380533444,0.5939779309837449,1.4690700877002245,-18.442654418581245,112.35194100842469,incumbent_ab,"A,B"
10,RUB->KZT,logreg,wf_oos,656,68,137,0.20588235294117646,0.20884146341463414,0.2126470588235294,0.9858308286818377,0.9681881051175657,49.20726200537821,0.49428868120456904,0.04411764705882353,0.17301509113609068,0.5431541372171057,1.4722727272727267,-19.26128329319481,125.03728381041509,incumbent_ab,"A,B"
10,RUB->TJS,logreg,wf_oos,656,73,180,0.273972602739726,0.27439024390243905,0.27534246575342464,0.9984779299847791,0.9950248756218906,42.862709387533314,0.5306334371754932,0.0684931506849315,0.19952893136784788,0.6182428751803752,1.294338461538461,-18.64339596795097,101.22374663465969,incumbent_ab,"A,B"
10,RUB->UZS,logreg,wf_oos,656,64,156,0.234375,0.23780487804878048,0.236875,0.9855769230769231,0.9894459102902374,40.82394458180304,0.46521287642782966,0.03125,0.1858083372622719,0.49895518593770316,1.4757786769227756,-24.87097045779955,115.70830116909843,incumbent_ab,"A,B"
10,RUB->AMD,logreg,oot,238,10,56,0.0,0.23529411764705882,0.23800000000000004,0.0,0.0,-26.622248385903767,0.1994301994301994,0.1,0.1769001910859051,0.0,0.0,-154.3498715420865,95.21471196345318,incumbent_ab,"A,B"
10,RUB->KGS,logreg,oot,238,5,53,0.0,0.22268907563025211,0.228,0.0,0.0,-151.2576645323516,0.0997150997150997,0.0,0.17726526448412794,0.0,0.0,-249.60854184744775,-77.24425143190926,incumbent_ab,"A,B"
10,RUB->KZT,logreg,oot,238,6,65,0.3333333333333333,0.27310924369747897,0.24666666666666665,1.2205128205128206,1.3513513513513513,220.59288783840012,0.11965811965811965,0.0,0.21831289170747373,0.0,3.3719920700027353,31.081993949860525,404.94899400815336,incumbent_ab,"A,B"
10,RUB->TJS,logreg,oot,238,15,54,0.2,0.226890756302521,0.228,0.8814814814814815,0.8771929824561404,71.23589573751346,0.29914529914529914,0.06666666666666667,0.17772378437195147,0.0,1.320088321490223,-45.13779802595865,118.64878154250701,incumbent_ab,"A,B"
10,RUB->UZS,logreg,oot,238,2,63,0.0,0.2647058823529412,0.25,0.0,0.0,-196.7927292699501,0.039886039886039885,0.0,0.20267686988742267,0.0,0.0,-252.68771428853697,-140.89774425136318,incumbent_ab,"A,B"
10,RUB->AMD,logreg,y2022,247,3,59,0.3333333333333333,0.2388663967611336,0.22,1.3954802259887005,1.5151515151515151,-93.17760332945409,0.059322033898305086,0.0,0.19242682057304752,0.0,2.8294017763845347,-1122.7973856209153,508.6409007112507,cbr_full_logreg,"A,B,C,E"
10,RUB->KGS,logreg,y2022,247,1,51,0.0,0.20647773279352227,0.22,0.0,0.0,334.61881689399723,0.01977401129943503,0.0,0.17029606002732847,0.0,0.0,334.61881689399723,334.61881689399723,cbr_full_logreg,"A,B,C,E"
10,RUB->KZT,logreg,y2022,247,0,51,,0.20647773279352227,,,,,0.0,,0.16999963119040956,,,,,cbr_full_logreg,"A,B,C,E"
10,RUB->TJS,logreg,y2022,247,2,57,0.0,0.23076923076923078,0.16,0.0,0.0,336.78126750976446,0.03954802259887006,0.0,0.1888112799950679,0.0,0.0,330.8611807032793,342.7013543162497,cbr_full_logreg,"A,B,C,E"
10,RUB->UZS,logreg,y2022,247,3,51,0.0,0.20647773279352227,0.15333333333333332,0.0,0.0,-617.7264503856056,0.059322033898305086,0.0,0.16898102017159022,0.0,0.0,-1173.4326566118289,330.5050112745851,cbr_full_logreg,"A,B,C,E"
10,RUB->AMD,logreg,wf_oos,656,30,174,0.1,0.2652439024390244,0.2426666666666667,0.37701149425287356,0.41208791208791207,-41.09523039531127,0.21806853582554514,0.0,0.20370439865488646,0.0,1.07202743166232,-105.4047469545582,22.01326759297815,cbr_full_logreg,"A,B,C,E"
10,RUB->KGS,logreg,wf_oos,656,20,167,0.05,0.2545731707317073,0.25,0.19640718562874251,0.2,-43.09568483528717,0.14537902388369678,0.1,0.19277513732671947,0.0,0.25241301008481887,-144.47791430949798,26.65202871380629,cbr_full_logreg,"A,B,C,E"
10,RUB->KZT,logreg,wf_oos,656,19,137,0.05263157894736842,0.20884146341463414,0.2126315789473684,0.2520169035728006,0.24752475247524755,-47.66121998026246,0.13811007268951192,0.0,0.17187404475041385,0.0,0.8171170481330905,-109.26580795958043,12.93118914467734,cbr_full_logreg,"A,B,C,E"
10,RUB->TJS,logreg,wf_oos,656,19,180,0.21052631578947367,0.27439024390243905,0.2684210526315789,0.767251461988304,0.7843137254901962,6.086313131916364,0.13811007268951192,0.0,0.20493346972546844,0.0,1.605816603180053,-107.54402011755849,118.37872564053491,cbr_full_logreg,"A,B,C,E"
10,RUB->UZS,logreg,wf_oos,656,17,156,0.11764705882352941,0.23780487804878048,0.23764705882352943,0.4947209653092006,0.495049504950495,-50.58773658750577,0.12357217030114226,0.058823529411764705,0.18469757900932554,0.0,1.5532455532455527,-145.83583327028725,79.35933693781715,cbr_full_logreg,"A,B,C,E"
10,RUB->AMD,logreg,oot,238,27,56,0.2222222222222222,0.23529411764705882,0.2437037037037037,0.9444444444444444,0.9118541033434651,7.7112296963196645,0.5384615384615384,0.14814814814814814,0.1773505858631872,0.2511476608187135,1.7408173843700152,-63.81018194168366,88.6604193521997,cbr_full_logreg,"A,B,C,E"
10,RUB->KGS,logreg,oot,238,26,53,0.2692307692307692,0.22268907563025211,0.2215384615384615,1.20899854862119,1.215277777777778,18.038720004997018,0.5185185185185185,0.19230769230769232,0.17059943007951173,0.3808,2.055694070080862,-93.43874346718252,120.28021329831834,cbr_full_logreg,"A,B,C,E"
10,RUB->KZT,logreg,oot,238,14,65,0.35714285714285715,0.27310924369747897,0.2714285714285714,1.307692307692308,1.3157894736842106,152.08136853948616,0.2792022792022792,0.0,0.20314499342575076,0.3325859950859951,2.4624964080459764,7.857127097130112,279.56944371412925,cbr_full_logreg,"A,B,C,E"
10,RUB->TJS,logreg,oot,238,36,54,0.25,0.226890756302521,0.23388888888888887,1.1018518518518519,1.0688836104513064,34.19946829338434,0.717948717948718,0.0,0.1735744282713671,0.4143611111111112,1.8084143518518516,-49.709251409268276,98.52916602724534,cbr_full_logreg,"A,B,C,E"
10,RUB->UZS,logreg,oot,238,23,63,0.34782608695652173,0.2647058823529412,0.28,1.3140096618357486,1.2422360248447204,35.006248852911355,0.45868945868945865,0.0,0.19415718284274544,0.484958988380041,2.404705351386202,-54.42285024990397,119.10185969922864,cbr_full_logreg,"A,B,C,E"
10,RUB->AMD,logreg,y2022,247,26,59,0.11538461538461539,0.2388663967611336,0.2661538461538462,0.4830508474576271,0.4335260115606936,-192.50866927173698,0.5141242937853108,0.11538461538461539,0.2185320960892338,0.0,0.9412518738977069,-476.4037025861062,98.00314416895296,cbr_context_logreg,"A,B,C,D,E"
10,RUB->KGS,logreg,y2022,247,17,51,0.11764705882352941,0.20647773279352227,0.2011764705882353,0.5697808535178777,0.5847953216374269,40.4666600720457,0.3361581920903955,0.0,0.19501818046706634,0.0,1.6430480574012534,-314.0063992557649,503.54748333351364,cbr_context_logreg,"A,B,C,D,E"
10,RUB->KZT,logreg,y2022,247,19,51,0.15789473684210525,0.20647773279352227,0.19052631578947365,0.7647058823529411,0.8287292817679559,-107.45031555659975,0.37570621468926557,0.05263157894736842,0.18611051041179352,0.0,1.5836745689655172,-336.02699920301103,202.42335778885752,cbr_context_logreg,"A,B,C,D,E"
10,RUB->TJS,logreg,y2022,247,12,57,0.25,0.23076923076923078,0.26833333333333337,1.0833333333333333,0.9316770186335402,287.02333523743107,0.23728813559322035,0.0,0.20251456735072015,0.0,2.649821428571429,-68.53430016127453,787.6735027189305,cbr_context_logreg,"A,B,C,D,E"
10,RUB->UZS,logreg,y2022,247,17,51,0.11764705882352941,0.20647773279352227,0.2,0.5697808535178777,0.588235294117647,-376.28606344855496,0.3361581920903955,0.058823529411764705,0.19575403514166353,0.0,1.5501463472809036,-652.2482183739769,-58.71492876988133,cbr_context_logreg,"A,B,C,D,E"
10,RUB->AMD,logreg,wf_oos,656,92,174,0.21739130434782608,0.2652439024390244,0.26760869565217393,0.8195902048975512,0.8123476848090982,1.1878192301750752,0.6687435098650051,0.11956521739130435,0.19770169122744996,0.49877435840113576,1.120921365496837,-60.365954736485136,54.77752101078198,cbr_context_logreg,"A,B,C,D,E"
10,RUB->KGS,logreg,wf_oos,656,68,167,0.2647058823529412,0.2545731707317073,0.25764705882352945,1.0398027474462839,1.0273972602739725,31.00092306559426,0.49428868120456904,0.014705882352941176,0.18690735237961287,0.657699234378507,1.392493929740928,-37.03325595664549,96.68074647110613,cbr_context_logreg,"A,B,C,D,E"
10,RUB->KZT,logreg,wf_oos,656,62,137,0.20967741935483872,0.20884146341463414,0.20354838709677417,1.0040028255238993,1.030110935023772,52.92070024692336,0.45067497403946,0.04838709677419355,0.1675374041946601,0.5435586078229543,1.5026558851800556,-8.284887213251098,124.02953283662964,cbr_context_logreg,"A,B,C,D,E"
10,RUB->TJS,logreg,wf_oos,656,62,180,0.3064516129032258,0.27439024390243905,0.27258064516129027,1.1168458781362007,1.124260355029586,53.234851112554765,0.45067497403946,0.06451612903225806,0.19387580649069108,0.6952120103915307,1.4720922522114284,-12.966566590125217,116.50421013507871,cbr_context_logreg,"A,B,C,D,E"
10,RUB->UZS,logreg,wf_oos,656,70,156,0.22857142857142856,0.23780487804878048,0.2322857142857143,0.9611721611721612,0.984009840098401,23.475902443092686,0.5088265835929386,0.04285714285714286,0.18129863428328352,0.5142265021722036,1.389022505009222,-45.095760808481664,93.2057068543806,cbr_context_logreg,"A,B,C,D,E"
10,RUB->AMD,logreg,oot,238,0,56,,0.23529411764705882,,,,,0.0,,0.18133658767367905,,,,,cbr_context_logreg,"A,B,C,D,E"
10,RUB->KGS,logreg,oot,238,0,53,,0.22268907563025211,,,,,0.0,,0.17393016917302087,,,,,cbr_context_logreg,"A,B,C,D,E"
10,RUB->KZT,logreg,oot,238,0,65,,0.27310924369747897,,,,,0.0,,0.20898506618162607,,,,,cbr_context_logreg,"A,B,C,D,E"
10,RUB->TJS,logreg,oot,238,0,54,,0.226890756302521,,,,,0.0,,0.17617477978309704,,,,,cbr_context_logreg,"A,B,C,D,E"
10,RUB->UZS,logreg,oot,238,0,63,,0.2647058823529412,,,,,0.0,,0.20430729417630855,,,,,cbr_context_logreg,"A,B,C,D,E"
10,RUB->AMD,catboost,y2022,247,0,59,,0.2388663967611336,,,,,0.0,,0.19377282794685022,,,,,cbr_full_catboost,"A,B,C,E"
10,RUB->KGS,catboost,y2022,247,0,51,,0.20647773279352227,,,,,0.0,,0.17391234851804116,,,,,cbr_full_catboost,"A,B,C,E"
10,RUB->KZT,catboost,y2022,247,0,51,,0.20647773279352227,,,,,0.0,,0.16746126494925825,,,,,cbr_full_catboost,"A,B,C,E"
10,RUB->TJS,catboost,y2022,247,0,57,,0.23076923076923078,,,,,0.0,,0.1907582314784078,,,,,cbr_full_catboost,"A,B,C,E"
10,RUB->UZS,catboost,y2022,247,0,51,,0.20647773279352227,,,,,0.0,,0.1729010195997578,,,,,cbr_full_catboost,"A,B,C,E"
10,RUB->AMD,catboost,wf_oos,656,58,174,0.20689655172413793,0.2652439024390244,0.2675862068965517,0.7800237812128418,0.7731958762886598,0.5016407212673739,0.4215991692627206,0.1206896551724138,0.20119349004903414,0.3937368658155086,1.2600965328915836,-59.948279928189734,65.58808578303928,cbr_full_catboost,"A,B,C,E"
10,RUB->KGS,catboost,wf_oos,656,53,167,0.20754716981132076,0.2545731707317073,0.25471698113207547,0.8152751101570445,0.8148148148148149,26.150839922799065,0.38525441329179644,0.0,0.19522549736447306,0.4136631621903156,1.2193797812743707,-42.91226375728298,99.2023250415373,cbr_full_catboost,"A,B,C,E"
10,RUB->KZT,catboost,wf_oos,656,53,137,0.16981132075471697,0.20884146341463414,0.20490566037735847,0.8131111417160171,0.8287292817679558,-3.268566201715662,0.38525441329179644,0.03773584905660377,0.17548479608846,0.2768069676802071,1.4375166158417376,-79.53914066183015,99.10784039899876,cbr_full_catboost,"A,B,C,E"
10,RUB->TJS,catboost,wf_oos,656,50,180,0.26,0.27439024390243905,0.2568,0.9475555555555555,1.0124610591900314,46.444615832627015,0.3634475597092419,0.06,0.20592966593630982,0.5924435501900291,1.3233828311603102,-17.96889919796772,113.8375426928633,cbr_full_catboost,"A,B,C,E"
10,RUB->UZS,catboost,wf_oos,656,51,156,0.17647058823529413,0.23780487804878048,0.23254901960784316,0.7420814479638009,0.7588532883642496,20.97763224344534,0.3707165109034268,0.0784313725490196,0.19062442677411479,0.34893276237698145,1.2771972578124038,-34.279654643541676,103.08073771902356,cbr_full_catboost,"A,B,C,E"
10,RUB->AMD,catboost,oot,238,35,56,0.17142857142857143,0.23529411764705882,0.2331428571428571,0.7285714285714285,0.735294117647059,13.080110023279378,0.698005698005698,0.02857142857142857,0.17894949046917993,0.1759310084541063,1.6092567567567557,-50.76369803655609,87.78904510192298,cbr_full_catboost,"A,B,C,E"
10,RUB->KGS,catboost,oot,238,39,53,0.28205128205128205,0.22268907563025211,0.23692307692307688,1.266569908079342,1.1904761904761907,23.135418187278358,0.7777777777777777,0.1282051282051282,0.17230318065807837,0.6832241379310345,2.2043923611111107,-70.37717526624614,109.59751514063618,cbr_full_catboost,"A,B,C,E"
10,RUB->KZT,catboost,oot,238,37,65,0.21621621621621623,0.27310924369747897,0.2778378378378378,0.7916839916839918,0.7782101167315177,48.43192983139632,0.7378917378917379,0.1891891891891892,0.20211143266699572,0.35955965909090915,1.4905178346899608,-56.47898320494271,156.6774018687733,cbr_full_catboost,"A,B,C,E"
10,RUB->TJS,catboost,oot,238,45,54,0.28888888888888886,0.226890756302521,0.23422222222222217,1.2732510288065841,1.233396584440228,57.21912500369554,0.8974358974358974,0.022222222222222223,0.17339261933861552,0.6708173465925404,1.7951014529465312,-32.73583152082581,131.14154805529543,cbr_full_catboost,"A,B,C,E"
10,RUB->UZS,catboost,oot,238,32,63,0.28125,0.2647058823529412,0.265,1.0625,1.0613207547169812,17.129345040999343,0.6381766381766382,0.0,0.19528841681422668,0.5839205682955683,1.7495268125268117,-43.92273073261817,88.95119039916844,cbr_full_catboost,"A,B,C,E"
10,RUB->AMD,catboost,y2022,247,0,59,,0.2388663967611336,,,,,0.0,,0.1963875840790029,,,,,cbr_context_catboost,"A,B,C,D,E"
10,RUB->KGS,catboost,y2022,247,0,51,,0.20647773279352227,,,,,0.0,,0.16716687103959468,,,,,cbr_context_catboost,"A,B,C,D,E"
10,RUB->KZT,catboost,y2022,247,0,51,,0.20647773279352227,,,,,0.0,,0.16905099546801475,,,,,cbr_context_catboost,"A,B,C,D,E"
10,RUB->TJS,catboost,y2022,247,0,57,,0.23076923076923078,,,,,0.0,,0.1849697446413547,,,,,cbr_context_catboost,"A,B,C,D,E"
10,RUB->UZS,catboost,y2022,247,0,51,,0.20647773279352227,,,,,0.0,,0.16839480624893163,,,,,cbr_context_catboost,"A,B,C,D,E"
10,RUB->AMD,catboost,wf_oos,656,73,174,0.2054794520547945,0.2652439024390244,0.2736986301369863,0.7746811525743976,0.7507507507507507,-0.14332374692608985,0.5306334371754932,0.0684931506849315,0.20816093720763484,0.4188628955235125,1.0837835775335771,-61.24390900709057,57.66139148574547,cbr_context_catboost,"A,B,C,D,E"
10,RUB->KGS,catboost,wf_oos,656,82,167,0.21951219512195122,0.2545731707317073,0.2453658536585366,0.8622754491017964,0.8946322067594432,18.491197817813877,0.5960539979231567,0.024390243902439025,0.19864441515377365,0.5160005252006581,1.161921001530997,-43.85870666422389,75.09442821259009,cbr_context_catboost,"A,B,C,D,E"
10,RUB->KZT,catboost,wf_oos,656,76,137,0.15789473684210525,0.20884146341463414,0.2105263157894737,0.7560507107184018,0.7499999999999999,22.543235776295095,0.5524402907580477,0.05263157894736842,0.18042145183510286,0.3036409550045914,1.1967091296537729,-43.58256185549432,81.2294230091418,cbr_context_catboost,"A,B,C,D,E"
10,RUB->TJS,catboost,wf_oos,656,69,180,0.2463768115942029,0.27439024390243905,0.2718840579710145,0.8979066022544283,0.906183368869936,22.401536224508643,0.5015576323987538,0.08695652173913043,0.2069508172892827,0.47517166550414636,1.204444242790885,-47.223200601540455,77.04177563497166,cbr_context_catboost,"A,B,C,D,E"
10,RUB->UZS,catboost,wf_oos,656,76,156,0.2236842105263158,0.23780487804878048,0.24315789473684213,0.9406207827260459,0.9199134199134198,20.292734222369738,0.5524402907580477,0.039473684210526314,0.19325969185376138,0.54349320230383,1.396882262582452,-40.57443815494166,86.942360704584,cbr_context_catboost,"A,B,C,D,E"
10,RUB->AMD,catboost,oot,238,22,56,0.22727272727272727,0.23529411764705882,0.23636363636363636,0.9659090909090909,0.9615384615384616,61.24541184859867,0.4387464387464387,0.09090909090909091,0.17838521335619278,0.3034382832080201,1.8991390480087287,-1.6095952253328005,120.31948475642947,cbr_context_catboost,"A,B,C,D,E"
10,RUB->KGS,catboost,oot,238,26,53,0.23076923076923078,0.22268907563025211,0.22461538461538466,1.0362844702467344,1.0273972602739725,38.88695745344963,0.5185185185185185,0.11538461538461539,0.17188492012194612,0.4345813204508857,1.7624777680601316,-39.81538151971556,114.15015972955086,cbr_context_catboost,"A,B,C,D,E"
10,RUB->KZT,catboost,oot,238,18,65,0.3888888888888889,0.27310924369747897,0.26888888888888884,1.4239316239316242,1.4462809917355375,130.09769622653636,0.358974358974359,0.05555555555555555,0.20111002436418185,0.5307644489247312,2.767982376453488,22.342420141013378,251.22417746982717,cbr_context_catboost,"A,B,C,D,E"
10,RUB->TJS,catboost,oot,238,33,54,0.3333333333333333,0.226890756302521,0.21515151515151515,1.4691358024691357,1.5492957746478873,78.57583776658271,0.6581196581196581,0.09090909090909091,0.17329773524828673,0.7510748106060606,2.128124676400538,-8.259801711460115,143.49989079942307,cbr_context_catboost,"A,B,C,D,E"
10,RUB->UZS,catboost,oot,238,22,63,0.2727272727272727,0.2647058823529412,0.26181818181818184,1.0303030303030303,1.0416666666666665,31.520213845733586,0.4387464387464387,0.09090909090909091,0.19450887866934166,0.3172703703703703,1.9247105488850769,-46.52998669312919,114.3976198021204,cbr_context_catboost,"A,B,C,D,E"
20,RUB->AMD,logreg,y2022,247,8,42,0.0,0.1700404858299595,0.16,0.0,0.0,83.47202068542082,0.15819209039548024,0.0,0.14568421112290875,0.0,0.0,-510.0174588796641,735.7917708870264,incumbent_ab,"A,B"
20,RUB->KGS,logreg,y2022,247,5,41,0.0,0.1659919028340081,0.19599999999999998,0.0,0.0,-445.96314014395796,0.09887005649717515,0.0,0.14120108959092537,0.0,0.0,-830.0642853897982,-177.15310749272663,incumbent_ab,"A,B"
20,RUB->KZT,logreg,y2022,247,10,36,0.2,0.145748987854251,0.13,1.3722222222222225,1.5384615384615385,166.72473063972342,0.1977401129943503,0.1,0.12419960696503293,0.0,6.1789583333333296,-359.71086883688395,910.3537221796837,incumbent_ab,"A,B"
20,RUB->TJS,logreg,y2022,247,7,47,0.0,0.1902834008097166,0.22,0.0,0.0,-14.803225096236982,0.1384180790960452,0.0,0.1651673456112542,0.0,0.0,-652.5962258731092,1110.2670954039352,incumbent_ab,"A,B"
20,RUB->UZS,logreg,y2022,247,3,38,0.0,0.15384615384615385,0.20666666666666667,0.0,0.0,-344.3931755511372,0.059322033898305086,0.0,0.13454501631319987,0.0,0.0,-1034.877045846304,15.798507856160327,incumbent_ab,"A,B"
20,RUB->AMD,logreg,wf_oos,656,92,140,0.17391304347826086,0.21341463414634146,0.2134782608695652,0.8149068322981367,0.814663951120163,13.777528320241649,0.6687435098650051,0.06521739130434782,0.1687447893834891,0.4766895794662434,1.1828902215558885,-72.1858821739629,89.59348734569093,incumbent_ab,"A,B"
20,RUB->KGS,logreg,wf_oos,656,66,132,0.15151515151515152,0.20121951219512196,0.21303030303030304,0.7529843893480257,0.7112375533428165,46.01268117139073,0.4797507788161993,0.030303030303030304,0.16114761000533084,0.3594814241486068,1.1704298383561558,-16.5864081481009,101.81375301049273,incumbent_ab,"A,B"
20,RUB->KZT,logreg,wf_oos,656,73,101,0.0410958904109589,0.15396341463414634,0.15616438356164383,0.26691984266919844,0.2631578947368421,-9.915381134331197,0.5306334371754932,0.0410958904109589,0.1365156009032953,0.0,0.5436711027166701,-95.46271814604997,85.50700255856488,incumbent_ab,"A,B"
20,RUB->TJS,logreg,wf_oos,656,72,132,0.18055555555555555,0.20121951219512196,0.19833333333333336,0.8973063973063973,0.9103641456582632,70.37752512914861,0.5233644859813084,0.013888888888888888,0.16406962918594203,0.4767508198387292,1.2296925145285795,-20.73152396921224,145.39227282899938,incumbent_ab,"A,B"
20,RUB->UZS,logreg,wf_oos,656,66,112,0.12121212121212122,0.17073170731707318,0.1715151515151515,0.7099567099567099,0.7067137809187279,13.007093722098443,0.4797507788161993,0.015151515151515152,0.14456167377634707,0.2578892112921574,1.3420485865028724,-56.78962223709193,87.18091463978163,incumbent_ab,"A,B"
20,RUB->AMD,logreg,oot,228,13,42,0.15384615384615385,0.18421052631578946,0.16923076923076918,0.8351648351648353,0.9090909090909094,17.985394776453237,0.27002967359050445,0.07692307692307693,0.1598154957326525,0.0,2.0736868686868677,-119.4349849294214,178.10252200058648,incumbent_ab,"A,B"
20,RUB->KGS,logreg,oot,228,1,38,0.0,0.16666666666666666,0.08,0.0,0.0,-392.2277376153498,0.020771513353115726,0.0,0.1475825664743078,0.0,0.0,-392.2277376153498,-392.2277376153498,incumbent_ab,"A,B"
20,RUB->KZT,logreg,oot,228,3,48,0.3333333333333333,0.21052631578947367,0.18666666666666665,1.5833333333333333,1.7857142857142858,456.2022536770435,0.062314540059347175,0.0,0.18458712790003015,0.0,4.489846153846148,-8.70884473622402,694.4551600514914,incumbent_ab,"A,B"
20,RUB->TJS,logreg,oot,228,9,38,0.3333333333333333,0.16666666666666666,0.12222222222222222,2.0,2.727272727272727,155.62703576740554,0.18694362017804153,0.1111111111111111,0.139651057781274,0.0,3.563437499999999,-47.74534381614843,363.87287347099453,incumbent_ab,"A,B"
20,RUB->UZS,logreg,oot,228,0,48,,0.21052631578947367,,,,,0.0,,0.17941657722387114,,,,,incumbent_ab,"A,B"
20,RUB->AMD,logreg,y2022,247,2,42,0.0,0.1700404858299595,0.11,0.0,0.0,222.5773044777892,0.03954802259887006,0.0,0.14979220693553558,0.0,0.0,-1234.3921568627457,1679.546765818324,cbr_full_logreg,"A,B,C,E"
20,RUB->KGS,logreg,y2022,247,0,41,,0.1659919028340081,,,,,0.0,,0.14557762228877266,,,,,cbr_full_logreg,"A,B,C,E"
20,RUB->KZT,logreg,y2022,247,0,36,,0.145748987854251,,,,,0.0,,0.1282483747387047,,,,,cbr_full_logreg,"A,B,C,E"
20,RUB->TJS,logreg,y2022,247,2,47,0.0,0.1902834008097166,0.19,0.0,0.0,1406.7564740940445,0.03954802259887006,0.0,0.16927952411108296,0.0,0.0,731.2573751669032,2082.2555730211857,cbr_full_logreg,"A,B,C,E"
20,RUB->UZS,logreg,y2022,247,0,38,,0.15384615384615385,,,,,0.0,,0.1370962869534814,,,,,cbr_full_logreg,"A,B,C,E"
20,RUB->AMD,logreg,wf_oos,656,85,140,0.15294117647058825,0.21341463414634146,0.21458823529411764,0.716638655462185,0.7127192982456141,-20.519584661456374,0.6178608515057112,0.15294117647058825,0.1710822245902125,0.3135671534896341,1.0960893042441426,-119.1371221702415,60.8501108456761,cbr_full_logreg,"A,B,C,E"
20,RUB->KGS,logreg,wf_oos,656,79,132,0.16455696202531644,0.20121951219512196,0.20936708860759487,0.8177982355197544,0.7859733978234584,13.428890772161617,0.5742471443406022,0.06329113924050633,0.16152323227952212,0.44178677826642077,1.194609701067185,-81.59500370848589,111.37522305831521,cbr_full_logreg,"A,B,C,E"
20,RUB->KZT,logreg,wf_oos,656,71,101,0.14084507042253522,0.15396341463414634,0.15661971830985916,0.914795704922605,0.8992805755395684,20.82935655874419,0.5160955347871236,0.04225352112676056,0.13522397121188992,0.40827608832469636,1.7922740456449768,-80.79317571456255,131.57981247804278,cbr_full_logreg,"A,B,C,E"
20,RUB->TJS,logreg,wf_oos,656,59,132,0.22033898305084745,0.20121951219512196,0.2176271186440678,1.0950179763739085,1.0124610591900312,32.37764758364677,0.4288681204569055,0.05084745762711865,0.163544605068256,0.5606071645415907,1.6554770303787227,-129.79665603614433,145.39522812302292,cbr_full_logreg,"A,B,C,E"
20,RUB->UZS,logreg,wf_oos,656,63,112,0.14285714285714285,0.17073170731707318,0.1638095238095238,0.836734693877551,0.872093023255814,14.166440252150577,0.4579439252336448,0.047619047619047616,0.1436293205152292,0.31525988258408777,1.4177523194046653,-90.11469674191541,124.15884451570801,cbr_full_logreg,"A,B,C,E"
20,RUB->AMD,logreg,oot,228,29,42,0.1724137931034483,0.18421052631578946,0.1875862068965517,0.935960591133005,0.9191176470588237,-7.583907669307356,0.602373887240356,0.034482758620689655,0.1483324855166647,0.24675324675324678,2.4043733265332135,-106.42560250900995,120.89014094999331,cbr_full_logreg,"A,B,C,E"
20,RUB->KGS,logreg,oot,228,30,38,0.2,0.16666666666666666,0.17066666666666663,1.2000000000000002,1.1718750000000002,20.871278220921404,0.6231454005934718,0.26666666666666666,0.1382535036040302,0.2656881313131313,2.5681511056511055,-143.38300662682266,159.56749646454284,cbr_full_logreg,"A,B,C,E"
20,RUB->KZT,logreg,oot,228,15,48,0.26666666666666666,0.21052631578947367,0.20800000000000002,1.2666666666666668,1.282051282051282,166.01837516761572,0.3115727002967359,0.13333333333333333,0.17447949481338418,0.6464716312056737,2.666862170087976,-88.38274530062539,403.8366362155528,cbr_full_logreg,"A,B,C,E"
20,RUB->TJS,logreg,oot,228,40,38,0.15,0.16666666666666666,0.1665,0.9,0.9009009009009008,39.030520978200045,0.830860534124629,0.15,0.1375592708623308,0.16515258075258077,1.367522573554851,-98.72858817756436,125.34016480163224,cbr_full_logreg,"A,B,C,E"
20,RUB->UZS,logreg,oot,228,22,48,0.2727272727272727,0.21052631578947367,0.20363636363636367,1.2954545454545454,1.339285714285714,27.813993681701447,0.45697329376854595,0.09090909090909091,0.1659754200158365,0.4065602453102453,3.0164761904761903,-91.75629488917536,137.98589198372753,cbr_full_logreg,"A,B,C,E"
20,RUB->AMD,logreg,y2022,247,11,42,0.18181818181818182,0.1700404858299595,0.15636363636363634,1.0692640692640694,1.162790697674419,188.43067081138486,0.21751412429378533,0.0,0.16136655781541107,0.0,1.9296875,-690.9412603812218,1218.3489873180017,cbr_context_logreg,"A,B,C,D,E"
20,RUB->KGS,logreg,y2022,247,11,41,0.18181818181818182,0.1659919028340081,0.16545454545454547,1.0953436807095343,1.0989010989010988,518.4088494172283,0.21751412429378533,0.09090909090909091,0.16406748057862067,0.0,2.7034248583154192,-470.2241751566764,1290.7803529751386,cbr_context_logreg,"A,B,C,D,E"
20,RUB->KZT,logreg,y2022,247,5,36,0.2,0.145748987854251,0.14800000000000002,1.3722222222222225,1.3513513513513513,34.84866837912434,0.09887005649717515,0.0,0.13313039993902423,0.0,5.417460899315728,-971.763288625496,1090.8346268354396,cbr_context_logreg,"A,B,C,D,E"
20,RUB->TJS,logreg,y2022,247,3,47,0.3333333333333333,0.1902834008097166,0.21333333333333332,1.75177304964539,1.5625,1538.0605147010672,0.059322033898305086,0.0,0.18041263034349347,0.0,5.292449121184087,377.4869301624015,2515.0287772276556,cbr_context_logreg,"A,B,C,D,E"
20,RUB->UZS,logreg,y2022,247,9,38,0.1111111111111111,0.15384615384615385,0.13555555555555554,0.7222222222222221,0.819672131147541,213.11792123804656,0.17796610169491525,0.0,0.14872842009785137,0.0,2.1516960438699577,-848.2215058721805,1294.326309235822,cbr_context_logreg,"A,B,C,D,E"
20,RUB->AMD,logreg,wf_oos,656,50,140,0.22,0.21341463414634146,0.2076,1.030857142857143,1.0597302504816954,55.53986015808375,0.3634475597092419,0.12,0.1656420193112661,0.4541576360188513,1.74065646582229,-46.95109417406764,185.05806060205944,cbr_context_logreg,"A,B,C,D,E"
20,RUB->KGS,logreg,wf_oos,656,47,132,0.2553191489361702,0.20121951219512196,0.19787234042553192,1.2688588007736943,1.290322580645161,93.50943264223383,0.3416407061266874,0.02127659574468085,0.15252402846948232,0.7941954277170772,2.119075435132368,-23.28111776243079,222.72838615154654,cbr_context_logreg,"A,B,C,D,E"
20,RUB->KZT,logreg,wf_oos,656,46,101,0.1956521739130435,0.15396341463414634,0.1426086956521739,1.2707705553164013,1.3719512195121952,138.69206898697553,0.33437175493250254,0.043478260869565216,0.126314120298704,0.533106893106893,2.47583186922313,40.6197510281427,233.00859123170184,cbr_context_logreg,"A,B,C,D,E"
20,RUB->TJS,logreg,wf_oos,656,43,132,0.27906976744186046,0.20121951219512196,0.20418604651162792,1.386892177589852,1.366742596810934,100.40314703893362,0.3125649013499481,0.09302325581395349,0.1543235738486793,0.8537108752787513,2.2317387755102036,-21.802635035227354,240.2270470735407,cbr_context_logreg,"A,B,C,D,E"
20,RUB->UZS,logreg,wf_oos,656,50,112,0.18,0.17073170731707318,0.168,1.0542857142857143,1.0714285714285714,65.72653241393056,0.3634475597092419,0.04,0.1384104244758339,0.45470755998854034,1.9070271933062628,-42.738854535820536,180.3132898953103,cbr_context_logreg,"A,B,C,D,E"
20,RUB->AMD,logreg,oot,228,0,42,,0.18421052631578946,,,,,0.0,,0.1523327790302108,,,,,cbr_context_logreg,"A,B,C,D,E"
20,RUB->KGS,logreg,oot,228,0,38,,0.16666666666666666,,,,,0.0,,0.14037036520824622,,,,,cbr_context_logreg,"A,B,C,D,E"
20,RUB->KZT,logreg,oot,228,0,48,,0.21052631578947367,,,,,0.0,,0.17682638739817785,,,,,cbr_context_logreg,"A,B,C,D,E"
20,RUB->TJS,logreg,oot,228,0,38,,0.16666666666666666,,,,,0.0,,0.14059951428096398,,,,,cbr_context_logreg,"A,B,C,D,E"
20,RUB->UZS,logreg,oot,228,0,48,,0.21052631578947367,,,,,0.0,,0.17988176307341394,,,,,cbr_context_logreg,"A,B,C,D,E"
20,RUB->AMD,catboost,y2022,247,41,42,0.07317073170731707,0.1700404858299595,0.17512195121951218,0.4303135888501742,0.4178272980501393,-31.447837815246853,0.8107344632768362,0.024390243902439025,0.15438672496331715,0.0,0.7559186046511626,-440.92423921158814,395.3475910728301,cbr_full_catboost,"A,B,C,E"
20,RUB->KGS,catboost,y2022,247,42,41,0.11904761904761904,0.1659919028340081,0.16047619047619044,0.7171893147502902,0.741839762611276,-44.2058033500726,0.8305084745762712,0.07142857142857142,0.15614347880751295,0.18520435715546535,1.473200234020768,-398.88887349057126,408.0826788198176,cbr_full_catboost,"A,B,C,E"
20,RUB->KZT,catboost,y2022,247,42,36,0.09523809523809523,0.145748987854251,0.14666666666666667,0.6534391534391535,0.6493506493506493,-276.3672223772449,0.8305084745762712,0.09523809523809523,0.13886312107959772,0.0,1.7649249482401652,-528.4364670089346,49.15313558749583,cbr_full_catboost,"A,B,C,E"
20,RUB->TJS,catboost,y2022,247,39,47,0.1282051282051282,0.1902834008097166,0.1897435897435897,0.6737588652482269,0.6756756756756758,-187.04625922680867,0.7711864406779662,0.07692307692307693,0.17638498167097638,0.2405367231638418,1.4642285974499085,-731.9826337346971,436.70961020827133,cbr_full_catboost,"A,B,C,E"
20,RUB->UZS,catboost,y2022,247,45,38,0.06666666666666667,0.15384615384615385,0.1577777777777778,0.4333333333333333,0.42253521126760557,-223.7222440162234,0.8898305084745763,0.044444444444444446,0.1482285764588876,0.0,0.7691895556873499,-636.9489781968329,239.55600069442616,cbr_full_catboost,"A,B,C,E"
20,RUB->AMD,catboost,wf_oos,656,29,140,0.06896551724137931,0.21341463414634146,0.2089655172413793,0.32315270935960594,0.33003300330033003,-104.52526218045587,0.2107995846313603,0.10344827586206896,0.19310803942010213,0.0,0.8679715453628494,-264.50853493804215,87.59148993462553,cbr_full_catboost,"A,B,C,E"
20,RUB->KGS,catboost,wf_oos,656,30,132,0.13333333333333333,0.20121951219512196,0.20600000000000002,0.6626262626262626,0.6472491909385113,-82.41118760349173,0.21806853582554514,0.03333333333333333,0.18568606336612759,0.0,1.3706778476589796,-265.06454829360405,73.87336331080186,cbr_full_catboost,"A,B,C,E"
20,RUB->KZT,catboost,wf_oos,656,24,101,0.0,0.15396341463414634,0.15333333333333335,0.0,0.0,-157.06063736170202,0.17445482866043613,0.20833333333333334,0.14407851292376878,0.0,0.0,-275.2584935486045,63.76763898720162,cbr_full_catboost,"A,B,C,E"
20,RUB->TJS,catboost,wf_oos,656,33,132,0.18181818181818182,0.20121951219512196,0.20181818181818179,0.9035812672176309,0.900900900900901,-48.31838751429044,0.23987538940809966,0.06060606060606061,0.1813405672056511,0.24605372645372645,1.614670275475526,-229.3317960009757,100.0704348412542,cbr_full_catboost,"A,B,C,E"
20,RUB->UZS,catboost,wf_oos,656,30,112,0.06666666666666667,0.17073170731707318,0.1653333333333333,0.3904761904761904,0.403225806451613,-110.05912865718992,0.21806853582554514,0.06666666666666667,0.17347225591343574,0.0,1.3334693877551018,-275.39580693048964,60.14032752098078,cbr_full_catboost,"A,B,C,E"
20,RUB->AMD,catboost,oot,228,20,42,0.2,0.18421052631578946,0.19399999999999998,1.0857142857142859,1.0309278350515465,36.959001887802636,0.4154302670623145,0.05,0.15236784451154275,0.23094108917279652,2.857996894409937,-78.37046713003822,169.3262873357129,cbr_full_catboost,"A,B,C,E"
20,RUB->KGS,catboost,oot,228,21,38,0.2857142857142857,0.16666666666666666,0.1580952380952381,1.7142857142857142,1.8072289156626504,66.29138740736579,0.43620178041543023,0.19047619047619047,0.1402827040883426,0.0,3.800959595959595,-181.26224718527374,204.53191611131658,cbr_full_catboost,"A,B,C,E"
20,RUB->KZT,catboost,oot,228,27,48,0.14814814814814814,0.21052631578947367,0.20296296296296298,0.7037037037037037,0.72992700729927,142.88194398245042,0.5608308605341246,0.14814814814814814,0.17323110669318068,0.0,1.689098428453267,-28.140661496783558,331.0013020649771,cbr_full_catboost,"A,B,C,E"
20,RUB->TJS,catboost,oot,228,36,38,0.2222222222222222,0.16666666666666666,0.1627777777777778,1.3333333333333333,1.3651877133105799,60.783715968706055,0.7477744807121661,0.05555555555555555,0.14000993597540687,0.5451515151515153,1.7478638602776528,-99.9339858107226,173.2307104013684,cbr_full_catboost,"A,B,C,E"
20,RUB->UZS,catboost,oot,228,21,48,0.2857142857142857,0.21052631578947367,0.2228571428571428,1.3571428571428572,1.2820512820512822,-2.812842623493041,0.43620178041543023,0.0,0.17020542833489222,0.0,2.9246428571428553,-165.68776449790457,148.13320264007368,cbr_full_catboost,"A,B,C,E"
20,RUB->AMD,catboost,y2022,247,2,42,0.5,0.1700404858299595,0.11,2.9404761904761907,4.545454545454546,2002.7773861117244,0.03954802259887006,0.0,0.14852023166816655,0.0,6.752777777777774,1679.546765818324,2326.0080064051244,cbr_context_catboost,"A,B,C,D,E"
20,RUB->KGS,catboost,y2022,247,4,41,0.25,0.1659919028340081,0.14,1.5060975609756095,1.7857142857142856,1249.3161669315214,0.07909604519774012,0.0,0.14200415919126827,0.0,3.592870843989769,299.4556192193904,1712.3267344601063,cbr_context_catboost,"A,B,C,D,E"
20,RUB->KZT,catboost,y2022,247,2,36,0.5,0.145748987854251,0.19,3.430555555555556,2.6315789473684212,758.908374960587,0.03954802259887006,0.0,0.1279171824991972,0.0,10.291666666666666,138.48547425992382,1379.3312756612502,cbr_context_catboost,"A,B,C,D,E"
20,RUB->TJS,catboost,y2022,247,3,47,0.3333333333333333,0.1902834008097166,0.15999999999999998,1.75177304964539,2.0833333333333335,1538.0605147010672,0.059322033898305086,0.0,0.1627590044964747,0.0,5.794766009852214,377.4869301624015,2515.0287772276556,cbr_context_catboost,"A,B,C,D,E"
20,RUB->UZS,catboost,y2022,247,3,38,0.3333333333333333,0.15384615384615385,0.14,2.1666666666666665,2.3809523809523805,1589.9902842774454,0.059322033898305086,0.0,0.1342771906608719,0.0,5.8703575388026605,334.3594635826353,2629.1395759744505,cbr_context_catboost,"A,B,C,D,E"
20,RUB->AMD,catboost,wf_oos,656,25,140,0.12,0.21341463414634146,0.21359999999999996,0.5622857142857143,0.5617977528089888,-11.254590734931654,0.18172377985462096,0.2,0.17913283439834748,0.0,1.4868356850380195,-103.75636366855652,101.51613500106713,cbr_context_catboost,"A,B,C,D,E"
20,RUB->KGS,catboost,wf_oos,656,27,132,0.14814814814814814,0.20121951219512196,0.2037037037037037,0.7362514029180695,0.7272727272727273,49.43064472065442,0.19626168224299065,0.0,0.17271365651561896,0.0,1.5610623667871366,-64.09275367744657,165.99334640871524,cbr_context_catboost,"A,B,C,D,E"
20,RUB->KZT,catboost,wf_oos,656,24,101,0.20833333333333334,0.15396341463414634,0.14666666666666667,1.3531353135313533,1.4204545454545454,110.75999775979248,0.17445482866043613,0.08333333333333333,0.14336884817933915,0.0,3.487199618736381,-51.42494285233284,296.69637997690427,cbr_context_catboost,"A,B,C,D,E"
20,RUB->TJS,catboost,wf_oos,656,21,132,0.09523809523809523,0.20121951219512196,0.1952380952380952,0.4733044733044732,0.48780487804878053,48.26438987701626,0.1526479750778816,0.14285714285714285,0.18003021029749056,0.0,1.426203593950026,-69.0427368227352,207.90266146396922,cbr_context_catboost,"A,B,C,D,E"
20,RUB->UZS,catboost,wf_oos,656,26,112,0.07692307692307693,0.17073170731707318,0.1746153846153846,0.45054945054945056,0.4405286343612336,30.072142518710677,0.1889927310488058,0.0,0.15891511183596524,0.0,1.6842285508291275,-71.07562472826102,132.17766018676178,cbr_context_catboost,"A,B,C,D,E"
20,RUB->AMD,catboost,oot,228,13,42,0.23076923076923078,0.18421052631578946,0.16923076923076918,1.252747252747253,1.363636363636364,96.35392809918956,0.27002967359050445,0.0,0.15254230026168022,0.0,2.9249999999999985,-41.94244412193388,208.5788681770023,cbr_context_catboost,"A,B,C,D,E"
20,RUB->KGS,catboost,oot,228,15,38,0.3333333333333333,0.16666666666666666,0.172,2.0,1.9379844961240311,100.35555361162544,0.3115727002967359,0.13333333333333333,0.1401999635601779,0.0,5.18421717171717,-113.38548801490283,236.21523180954006,cbr_context_catboost,"A,B,C,D,E"
20,RUB->KZT,catboost,oot,228,7,48,0.42857142857142855,0.21052631578947367,0.2,2.0357142857142856,2.142857142857143,303.85789181081145,0.14540059347181009,0.0,0.17931068240828651,0.0,5.590144318597003,83.17645494117444,520.4226845911394,cbr_context_catboost,"A,B,C,D,E"
20,RUB->TJS,catboost,oot,228,17,38,0.17647058823529413,0.16666666666666666,0.16941176470588232,1.058823529411765,1.041666666666667,76.55564514705235,0.35311572700296734,0.058823529411764705,0.1417954660989581,0.0,2.182792207792207,-83.86288264585438,175.70406787951825,cbr_context_catboost,"A,B,C,D,E"
20,RUB->UZS,catboost,oot,228,12,48,0.3333333333333333,0.21052631578947367,0.235,1.5833333333333333,1.4184397163120568,106.02279734231558,0.2492581602373887,0.08333333333333333,0.16932551972634283,0.0,4.226282051282047,-45.318605099382,218.7756267162837,cbr_context_catboost,"A,B,C,D,E"
