experiment,training_horizon,evaluation_horizon,currency,fold,lift,moment_advantage_bps,customer_regret_cvar_95_bps,signals_per_week,lift_at_risk,cluster_rate
catboost_a,5.0,1,AMD,wf_oos,0.9189677178345734,-3.0426704345315163,218.8275466158469,0.6594202898550725,1.108240669017395,0.6373626373626373
catboost_a,5.0,1,KGS,wf_oos,0.8784733846668898,-3.967106959455776,192.53753844127493,0.7463768115942029,1.1034821261894496,0.6116504854368932
catboost_a,5.0,1,KZT,wf_oos,0.8864864864864866,-4.395225611199006,216.7954362914295,0.7246376811594203,1.3009425703244566,0.6
catboost_a,5.0,1,TJS,wf_oos,0.9728308010856488,-3.9110552570182655,212.9039380115536,0.717391304347826,1.2141524185296821,0.6464646464646465
catboost_a,5.0,1,UZS,wf_oos,0.7853812224322622,-7.2286957352122725,235.3683169611398,0.6666666666666666,1.0395298845977068,0.6195652173913043
catboost_ab,5.0,1,AMD,wf_oos,0.9495254440561611,5.408649829040268,253.37929680687964,0.9927536231884058,1.0403557866782,0.7956204379562044
catboost_ab,5.0,1,KGS,wf_oos,0.9125118969177831,5.709852609767195,203.08404334272333,1.1376811594202898,1.0697884632631722,0.7707006369426752
catboost_ab,5.0,1,KZT,wf_oos,0.964027857644879,8.560687165915526,213.19336919887297,1.0217391304347827,1.3199393249433926,0.7801418439716312
catboost_ab,5.0,1,TJS,wf_oos,0.8864265927977839,6.094946453235235,208.38563103623196,0.8913043478260869,1.0694839935289318,0.7560975609756098
catboost_ab,5.0,1,UZS,wf_oos,0.85699122269851,4.435788902967291,224.04395897722918,1.0289855072463767,1.1264156630180968,0.8098591549295775
catboost_abc,5.0,1,AMD,wf_oos,0.8849318764332929,0.9409206649835256,145.1925781091623,0.15217391304347827,0.9992317552973669,0.5714285714285714
catboost_abc,5.0,1,KGS,wf_oos,0.997971602434077,7.187556994353322,179.526825494033,0.2463768115942029,0.8924932284610173,0.6764705882352942
catboost_abc,5.0,1,KZT,wf_oos,1.1491491491491492,6.681521448643387,152.22348916761553,0.08695652173913043,0.8212395979829071,0.6666666666666666
catboost_abc,5.0,1,TJS,wf_oos,1.0520484035573698,-3.0271607661148723,149.67379410573133,0.13768115942028986,1.0384635238638746,0.5789473684210527
catboost_abc,5.0,1,UZS,wf_oos,0.9859366612989802,-0.0016869231676974164,127.38816217009452,0.1956521739130435,1.1777925877615527,0.6666666666666666
catboost_abcd,5.0,1,AMD,wf_oos,0.9897770661411505,-1.953008156692528,181.17113356885994,0.6666666666666666,1.1989364163591123,0.75
catboost_abcd,5.0,1,KGS,wf_oos,1.011978221415608,-1.0748306599212063,171.11574610575,0.6884057971014492,0.9895835061337819,0.6210526315789474
catboost_abcd,5.0,1,KZT,wf_oos,1.096915096915097,-3.45610279468842,193.92366582645735,0.6376811594202898,1.0689913790124579,0.625
catboost_abcd,5.0,1,TJS,wf_oos,0.9803178305875493,0.5133919512595602,127.89450784596255,0.5507246376811594,1.3983728057631108,0.6578947368421053
catboost_abcd,5.0,1,UZS,wf_oos,1.0170542635658915,-1.210659958570844,148.58645993554822,0.6231884057971014,1.1876401514068111,0.6744186046511628
level,,1,AMD,wf_oos,0.8435095332810962,7.18587203001533,266.6444723368869,1.0217391304347827,1.1014303454268828,0.8865248226950354
level,,1,KGS,wf_oos,0.8657300979140059,7.210722979007842,279.3826748338692,0.9782608695652174,1.1139202359085092,0.8888888888888888
level,,1,KZT,wf_oos,0.9468916430242398,8.574569221121184,296.965138663807,1.3115942028985508,1.2600926595611672,0.8950276243093923
level,,1,TJS,wf_oos,0.833762424637445,9.2865176403269,345.6896579473003,0.6159420289855072,0.988667472191043,0.9058823529411765
level,,1,UZS,wf_oos,0.8775919732441473,6.370148066341531,297.1883850038995,1.1304347826086956,1.0620612638229754,0.8910256410256411
logreg_a,5.0,1,AMD,wf_oos,0.9409402230429951,-6.755132708417621,148.36246204576298,0.572463768115942,1.482155082524226,0.569620253164557
logreg_a,5.0,1,KGS,wf_oos,0.884347949482049,-10.809118918385815,114.85628610420709,0.5869565217391305,1.2311792244745838,0.5432098765432098
logreg_a,5.0,1,KZT,wf_oos,0.8781793842034806,-12.66940732406854,130.63399390076125,0.6014492753623188,1.4595534127413932,0.46987951807228917
logreg_a,5.0,1,TJS,wf_oos,1.050896105196409,-6.823481299151544,169.87336428935816,0.6014492753623188,1.524216538939996,0.5783132530120482
logreg_a,5.0,1,UZS,wf_oos,0.8396009787314135,-12.285692835832,184.65227070490474,0.5579710144927537,1.127905563642676,0.4935064935064935
logreg_ab,5.0,1,AMD,wf_oos,1.068555240793201,-5.946502231630957,104.97291976390821,0.2898550724637681,1.5660240648687933,0.65
logreg_ab,5.0,1,KGS,wf_oos,0.913967258794845,-5.504653720414179,82.55926696819404,0.2391304347826087,1.0181837953093171,0.5757575757575758
logreg_ab,5.0,1,KZT,wf_oos,0.9849849849849851,-6.135582307424761,81.68180553726256,0.21739130434782608,2.1660288425719605,0.4666666666666667
logreg_ab,5.0,1,TJS,wf_oos,1.1985619143042376,-4.7881434914940915,87.35701355916763,0.34057971014492755,1.6220452808526051,0.5957446808510638
logreg_ab,5.0,1,UZS,wf_oos,1.0563607085346216,-6.107415739930723,73.04996543258667,0.1956521739130435,1.743465679980141,0.4444444444444444
logreg_abc,5.0,1,AMD,wf_oos,,,,0.0,,
logreg_abc,5.0,1,KGS,wf_oos,,,,0.0,,
logreg_abc,5.0,1,KZT,wf_oos,,,,0.0,,
logreg_abc,5.0,1,TJS,wf_oos,1.211449676823638,-26.96633353430215,181.76560759842087,0.021739130434782608,0.7723198091355836,0.3333333333333333
logreg_abc,5.0,1,UZS,wf_oos,,,,0.0,,
logreg_abcd,5.0,1,AMD,wf_oos,0.9695775341790861,-5.364379877202106,245.03335794808788,0.3333333333333333,0.7311371387040617,0.5
logreg_abcd,5.0,1,KGS,wf_oos,0.7181171319102353,-8.926615259896364,145.68793938104398,0.15217391304347827,0.9635047866647444,0.38095238095238093
logreg_abcd,5.0,1,KZT,wf_oos,0.9849849849849851,-1.9202455392322173,79.04790322501798,0.10144927536231885,1.5341580027711323,0.35714285714285715
logreg_abcd,5.0,1,TJS,wf_oos,1.055133589491556,-2.741191189698599,264.2587008419539,0.2246376811594203,0.8082390202476913,0.5483870967741935
logreg_abcd,5.0,1,UZS,wf_oos,0.9507246376811594,-3.4973099795597893,162.87809601718493,0.17391304347826086,0.9568041550286246,0.5
momentum,,1,AMD,wf_oos,0.9187382627240029,27.57022709574796,303.432883549625,0.644927536231884,1.5930163567465556,0.4943820224719101
momentum,,1,KGS,wf_oos,0.8810594702648675,25.507198779765407,294.5122032172778,0.6666666666666666,1.6371616905508697,0.5217391304347826
momentum,,1,KZT,wf_oos,1.078793078793079,29.66349084835885,267.7832351858234,0.6086956521739131,2.1086542134792974,0.4523809523809524
momentum,,1,TJS,wf_oos,0.8864265927977839,23.515337351458882,300.1155316450004,0.5942028985507246,1.3764361074181928,0.5
momentum,,1,UZS,wf_oos,0.9219148001756698,27.08224522439271,280.64483161878104,0.717391304347826,1.7065507675219023,0.5050505050505051
random,,1,AMD,wf_oos,1.0876098223260793,4.413590910110513,229.60452514403593,1.5724637681159421,0.9511515842530028,0.48847926267281105
random,,1,KGS,wf_oos,1.0501233401564056,3.6456207314355575,181.49636437825728,1.5869565217391304,1.191631389205495,0.5068493150684932
random,,1,KZT,wf_oos,0.9948348348348349,-1.776873961037834,341.2664796969063,1.4492753623188406,0.6468918609095448,0.465
random,,1,TJS,wf_oos,0.9911860992193402,-0.7686594402848546,231.29807230086354,1.355072463768116,1.0647766888625303,0.44919786096256686
random,,1,UZS,wf_oos,0.9998230931482617,-2.349532545348705,280.6196469662678,1.5434782608695652,0.8692434739150128,0.5070422535211268
reversal,,1,AMD,wf_oos,0.8971378333496142,-16.204082046815213,129.94475107341975,0.21014492753623187,2.2680045229172165,0.034482758620689655
reversal,,1,KGS,wf_oos,0.8796934865900383,-20.778630675938324,133.43387694028542,0.21739130434782608,1.71852738395118,0.06666666666666667
reversal,,1,KZT,wf_oos,1.193921193921194,-21.650938368338043,138.13448746221036,0.2391304347826087,3.047775526493277,0.030303030303030304
reversal,,1,TJS,wf_oos,0.9085872576177285,-16.143510438989896,133.33347946735907,0.2028985507246377,2.0558445310968096,0.03571428571428571
reversal,,1,UZS,wf_oos,0.9219148001756698,-15.846609527191418,133.0214785509476,0.2391304347826087,1.8793452611959491,0.06060606060606061
seasonality,,1,AMD,wf_oos,0.9838360273287786,1.6572764472163513,167.43008479758117,0.9855072463768116,1.1337871990263761,0.8382352941176471
seasonality,,1,KGS,wf_oos,0.9605388388608244,2.128886310165595,167.69238001407837,1.1376811594202898,1.0755238494561976,0.8152866242038217
seasonality,,1,KZT,wf_oos,0.9786302431463723,0.19481584370667612,240.7579197752868,1.1231884057971016,0.8922686909672556,0.832258064516129
seasonality,,1,TJS,wf_oos,1.0187190464198774,1.4729000846319,218.04972802401517,0.9565217391304348,1.2525686635218778,0.8333333333333334
seasonality,,1,UZS,wf_oos,0.9986028568449588,1.1072753497723264,246.62359596254447,1.0072463768115942,1.0283673210144637,0.8273381294964028
catboost_a,5.0,3,AMD,wf_oos,0.848093083387201,11.651795756970133,528.5791351982937,0.6594202898550725,0.8874282149648636,0.6373626373626373
catboost_a,5.0,3,KGS,wf_oos,0.8087532747726922,5.004190080999792,432.4581058315591,0.7463768115942029,1.1958448297305784,0.6116504854368932
catboost_a,5.0,3,KZT,wf_oos,0.7682882882882882,6.725519106323139,493.72435665039086,0.7246376811594203,1.0587975069338686,0.6
catboost_a,5.0,3,TJS,wf_oos,0.9216981848560796,7.572999219880339,534.7138184069706,0.717391304347826,1.0775131541636251,0.6464646464646465
catboost_a,5.0,3,UZS,wf_oos,0.8083083964090829,3.1646029450345217,635.632283986916,0.6666666666666666,0.5260043232610667,0.6195652173913043
catboost_ab,5.0,3,AMD,wf_oos,0.9013310433662516,22.23357020104138,456.8418537501454,0.9927536231884058,1.0882477749551582,0.7956204379562044
catboost_ab,5.0,3,KGS,wf_oos,0.9616823374785157,19.70512703674808,402.6076350654037,1.1376811594202898,1.5109727968906839,0.7707006369426752
catboost_ab,5.0,3,KZT,wf_oos,0.9849849849849849,20.75350069720104,430.78842361251816,1.0217391304347827,1.5967147034659288,0.7801418439716312
catboost_ab,5.0,3,TJS,wf_oos,0.8621553884711779,21.884273577607196,493.08404846237016,0.8913043478260869,1.0135881030084692,0.7560975609756098
catboost_ab,5.0,3,UZS,wf_oos,0.9351656497690596,18.80811127953428,541.2818449772419,1.0289855072463767,0.8173435099156439,0.8098591549295775
catboost_abc,5.0,3,AMD,wf_oos,0.7350140056022408,1.513144621992449,312.0226519246494,0.15217391304347827,1.2265693037304877,0.5714285714285714
catboost_abc,5.0,3,KGS,wf_oos,1.2250233426704014,18.728200700135773,284.6187616226037,0.2463768115942029,1.5433600611578502,0.6764705882352942
catboost_abc,5.0,3,KZT,wf_oos,1.7237237237237237,27.77774159713115,215.5966397019582,0.08695652173913043,0.8851459850544801,0.6666666666666666
catboost_abc,5.0,3,TJS,wf_oos,0.9085872576177284,1.4708724951257033,339.91524531330475,0.13768115942028986,1.057910547514876,0.5789473684210527
catboost_abc,5.0,3,UZS,wf_oos,0.8852901484480431,0.7328884371973449,292.18788052672755,0.1956521739130435,1.1787309389171148,0.6666666666666666
catboost_abcd,5.0,3,AMD,wf_oos,0.9507246376811593,6.635857467162848,381.24024550174784,0.6666666666666666,0.9664875728178497,0.75
catboost_abcd,5.0,3,KGS,wf_oos,0.9042606516290728,6.715583058942684,306.9835765049338,0.6884057971014492,1.0538890009872979,0.6210526315789474
catboost_abcd,5.0,3,KZT,wf_oos,1.0745290745290745,2.3086190670747957,358.7787558293325,0.6376811594202898,1.1420767767141315,0.625
catboost_abcd,5.0,3,TJS,wf_oos,0.9085872576177284,16.170814420900715,259.0135271688315,0.5507246376811594,1.6914089071284812,0.6578947368421053
catboost_abcd,5.0,3,UZS,wf_oos,1.0499952923453535,13.477398111219594,301.93526816226733,0.6231884057971014,1.2738193128362034,0.6744186046511628
level,,3,AMD,wf_oos,0.7115561118064248,21.23974605520655,494.90379524666093,1.0217391304347827,1.386831499683036,0.8865248226950354
level,,3,KGS,wf_oos,0.636331569664903,18.75771298741822,596.8452903518903,0.9782608695652174,0.8981052943045397,0.8888888888888888
level,,3,KZT,wf_oos,0.8489373351251803,18.13064436364337,619.8942847678799,1.3115942028985508,1.3030562697850823,0.8950276243093923
level,,3,TJS,wf_oos,0.7543564794338788,31.366607333149755,570.7172184189524,0.6159420289855072,1.4429690117705682,0.9058823529411765
level,,3,UZS,wf_oos,0.7320668535243434,21.150993449340657,515.3139781911606,1.1304347826086956,1.867281961295172,0.8910256410256411
logreg_a,5.0,3,AMD,wf_oos,0.8792256142963514,5.948471873400855,428.8997886740853,0.572463768115942,0.8621763562628718,0.569620253164557
logreg_a,5.0,3,KGS,wf_oos,0.8034489515970997,-8.912293170467644,315.4060651540891,0.5869565217391305,1.2127237539053355,0.5432098765432098
logreg_a,5.0,3,KZT,wf_oos,0.6764354716161944,-9.760846838626916,488.96234342802234,0.6014492753623188,0.5699492764631926,0.46987951807228917
logreg_a,5.0,3,TJS,wf_oos,0.9805235981520065,0.39129317798537233,427.0280515988931,0.6014492753623188,1.4803620462824223,0.5783132530120482
logreg_a,5.0,3,UZS,wf_oos,0.8622955991377044,-7.279404361632973,576.8840353598148,0.5579710144927537,0.491148357831098,0.4935064935064935
logreg_ab,5.0,3,AMD,wf_oos,0.900392156862745,3.071256022766755,499.1298516824805,0.2898550724637681,0.5391596333457247,0.65
logreg_ab,5.0,3,KGS,wf_oos,0.8677248677248677,-3.179705560974685,163.88919784892875,0.2391304347826087,0.9229667048555319,0.5757575757575758
logreg_ab,5.0,3,KZT,wf_oos,0.590990990990991,5.564439930700106,568.7689710485444,0.21739130434782608,0.424345383129192,0.4666666666666667
logreg_ab,5.0,3,TJS,wf_oos,1.1543752999520076,3.5034662920062325,362.15125115891095,0.34057971014492755,1.7203857232973627,0.5957446808510638
logreg_ab,5.0,3,UZS,wf_oos,1.0820212925476083,4.328054522488897,150.9662179929927,0.1956521739130435,2.037598514920864,0.4444444444444444
logreg_abc,5.0,3,AMD,wf_oos,,,,0.0,,
logreg_abc,5.0,3,KGS,wf_oos,,,,0.0,,
logreg_abc,5.0,3,KZT,wf_oos,,,,0.0,,
logreg_abc,5.0,3,TJS,wf_oos,1.644110275689223,17.222793266274962,270.15632920581953,0.021739130434782608,0.5799424473300179,0.3333333333333333
logreg_abc,5.0,3,UZS,wf_oos,,,,0.0,,
logreg_abcd,5.0,3,AMD,wf_oos,0.9507246376811593,8.175322819362957,382.1073084116677,0.3333333333333333,1.0186177328972608,0.5
logreg_abcd,5.0,3,KGS,wf_oos,0.49584278155706724,2.3622124893756045,259.26411769819356,0.15217391304347827,0.6060739859698883,0.38095238095238093
logreg_abcd,5.0,3,KZT,wf_oos,0.8442728442728442,23.3141190718304,200.8295022986206,0.10144927536231885,1.3140408091559967,0.35714285714285715
logreg_abcd,5.0,3,TJS,wf_oos,1.2728595682755275,26.089063255211034,308.45406164565327,0.2246376811594203,1.1419139038135055,0.5483870967741935
logreg_abcd,5.0,3,UZS,wf_oos,0.9959514170040485,12.839534933186036,265.3439703407923,0.17391304347826086,1.012343313898972,0.5
momentum,,3,AMD,wf_oos,0.9538664904163913,75.30318483163222,513.3800111802329,0.644927536231884,2.6828917368383545,0.4943820224719101
momentum,,3,KGS,wf_oos,0.8488612836438924,69.13761174849589,474.06328669832163,0.6666666666666666,3.0564793122038827,0.5217391304347826
momentum,,3,KZT,wf_oos,1.1256971256971255,77.07093901010641,474.7845633116299,0.6086956521739131,4.309984042643536,0.4523809523809524
momentum,,3,TJS,wf_oos,0.7819548872180451,66.59171629863769,477.8463665901742,0.5942028985507246,2.4273427797528364,0.5
momentum,,3,UZS,wf_oos,0.965771071034229,77.5950497427579,477.6122325618344,0.717391304347826,3.6406988719470816,0.5050505050505051
random,,3,AMD,wf_oos,1.066955814583898,11.349537789324986,369.1833780725696,1.5724637681159421,1.5614001462645424,0.48847926267281105
random,,3,KGS,wf_oos,1.1411176342683191,7.382082498748309,349.10047809364426,1.5869565217391304,1.4579201913674695,0.5068493150684932
random,,3,KZT,wf_oos,1.0194594594594593,-3.230488605245074,647.0643372446686,1.4492753623188406,0.5079991584281476,0.465
random,,3,TJS,wf_oos,0.9363515741224719,-2.5398313024743566,496.10933131378215,1.355072463768116,0.9230390145256633,0.44919786096256686
random,,3,UZS,wf_oos,1.0099789017505845,-6.441786552140902,558.9327413576269,1.5434782608695652,0.6489255704970797,0.5070422535211268
reversal,,3,AMD,wf_oos,1.0645030425963489,21.63004681471604,541.93774282572,0.21014492753623187,0.8154258194533499,0.034482758620689655
reversal,,3,KGS,wf_oos,0.6941798941798941,2.1406838667770893,336.84978885330065,0.21739130434782608,1.236672681066674,0.06666666666666667
reversal,,3,KZT,wf_oos,0.8954408954408954,9.329151811760612,720.413940414506,0.2391304347826087,0.4955933542500925,0.030303030303030304
reversal,,3,TJS,wf_oos,1.0569280343716432,20.64177058181543,342.89122046009754,0.2028985507246377,1.8404904153391177,0.03571428571428571
reversal,,3,UZS,wf_oos,0.8852901484480431,15.43396643139984,323.7095497197173,0.2391304347826087,1.5134416682398675,0.06060606060606061
seasonality,,3,AMD,wf_oos,0.889042675893887,3.905547550021783,335.0398469759768,0.9855072463768116,1.0927058161157543,0.8382352941176471
seasonality,,3,KGS,wf_oos,0.9285208775654634,1.498867214914511,429.6253403440164,1.1376811594202898,0.8949518548847704,0.8152866242038217
seasonality,,3,KZT,wf_oos,0.915082824760244,-3.2427161117544214,521.271008042019,1.1231884057971016,0.8505479383484592,0.832258064516129
seasonality,,3,TJS,wf_oos,0.9528366370471633,2.6107668889774174,478.8111658312563,0.9565217391304348,1.1168259356042418,0.8333333333333334
seasonality,,3,UZS,wf_oos,1.0508839891649433,1.793694479052032,619.6252520140733,1.0072463768115942,0.7377129533627809,0.8273381294964028
catboost_a,5.0,5,AMD,wf_oos,0.7376437515972399,26.959223545413337,535.2348309789647,0.6594202898550725,1.610591420538902,0.6373626373626373
catboost_a,5.0,5,KGS,wf_oos,0.7701964326032964,12.538071122435056,588.9016048969753,0.7463768115942029,1.2248992087395285,0.6116504854368932
catboost_a,5.0,5,KZT,wf_oos,0.7169398907103824,16.980159075797086,506.94730891739283,0.7246376811594203,1.757851017486056,0.6
catboost_a,5.0,5,TJS,wf_oos,0.9507246376811594,21.22484613456469,691.1750183670273,0.717391304347826,1.177453183928387,0.6464646464646465
catboost_a,5.0,5,UZS,wf_oos,0.803921568627451,14.194809234987531,766.7414326034293,0.6666666666666666,0.5420240769986034,0.6195652173913043
catboost_ab,5.0,5,AMD,wf_oos,0.890850449838737,36.87783500232569,543.0163898159436,0.9927536231884058,1.2938174597036385,0.7956204379562044
catboost_ab,5.0,5,KGS,wf_oos,0.9328395793215819,28.942371471169015,548.5897635500405,1.1376811594202898,1.5281656631112213,0.7707006369426752
catboost_ab,5.0,5,KZT,wf_oos,1.016936015192032,32.042992570358784,527.1183735768436,1.0217391304347827,1.708871508226948,0.7801418439716312
catboost_ab,5.0,5,TJS,wf_oos,0.7884057971014493,35.190916047856525,580.9750935424047,0.8913043478260869,1.3010511543558962,0.7560975609756098
catboost_ab,5.0,5,UZS,wf_oos,1.019055509527755,32.27762375475144,623.4870735226217,1.0289855072463767,0.9126344875709455,0.8098591549295775
catboost_abc,5.0,5,AMD,wf_oos,0.5811738648947951,1.1739078448962708,524.0873556262061,0.15217391304347827,1.0307042851755457,0.5714285714285714
catboost_abc,5.0,5,KGS,wf_oos,1.0768809849521204,29.585945740381806,394.14515276797067,0.2463768115942029,1.2570996302463175,0.6764705882352942
catboost_abc,5.0,5,KZT,wf_oos,2.0910746812386156,58.04813302924047,311.2152238570265,0.08695652173913043,0.8699787861903187,0.6666666666666666
catboost_abc,5.0,5,TJS,wf_oos,0.9006864988558353,10.920271373624386,450.2419766580612,0.13768115942028986,0.8261844866816791,0.5789473684210527
catboost_abc,5.0,5,UZS,wf_oos,0.8336964415395788,4.830488714357243,399.9458130205369,0.1956521739130435,1.1730672670751838,0.6666666666666666
catboost_abcd,5.0,5,AMD,wf_oos,0.8622851365015166,15.23259168444644,476.9516132328562,0.6666666666666666,1.0402271587774667,0.75
catboost_abcd,5.0,5,KGS,wf_oos,0.867172582619339,12.202619795892636,408.6715304447419,0.6884057971014492,1.134529923908257,0.6210526315789474
catboost_abcd,5.0,5,KZT,wf_oos,0.9776453055141578,7.856195082315605,512.9683649163601,0.6376811594202898,1.0166755592955399,0.625
catboost_abcd,5.0,5,TJS,wf_oos,0.9006864988558353,27.2302632578302,357.13762789316536,0.5507246376811594,1.5251247686535556,0.6578947368421053
catboost_abcd,5.0,5,UZS,wf_oos,1.121751025991792,25.627175057143425,392.57915463058305,0.6231884057971014,1.2312775868276926,0.6744186046511628
level,,5,AMD,wf_oos,0.6924624773214579,34.32529529347509,622.9862460508587,1.0217391304347827,1.1038388575053473,0.8865248226950354
level,,5,KGS,wf_oos,0.6102325581395349,30.30516563059038,694.0837533032155,0.9782608695652174,0.8994820343900266,0.8888888888888888
level,,5,KZT,wf_oos,0.7129788968390544,26.42611193981838,811.4165609485602,1.3115942028985508,1.1494504265557084,0.8950276243093923
level,,5,TJS,wf_oos,0.8053196930946291,51.53057652160859,683.2926157314092,0.6159420289855072,1.183444654878964,0.9058823529411765
level,,5,UZS,wf_oos,0.6184012066365008,33.69430886462951,674.3534774195398,1.1304347826086956,1.3873220081952744,0.8910256410256411
logreg_a,5.0,5,AMD,wf_oos,0.8110685899322931,20.745374227419575,458.10513952748653,0.572463768115942,1.2725939476158121,0.569620253164557
logreg_a,5.0,5,KGS,wf_oos,0.7157048521389606,-4.089869469397455,534.7993627929673,0.5869565217391305,0.8713215151533322,0.5432098765432098
logreg_a,5.0,5,KZT,wf_oos,0.6478372506419119,-1.6487969319330156,518.7766873474242,0.6014492753623188,0.972859829743768,0.46987951807228917
logreg_a,5.0,5,TJS,wf_oos,1.0309062336301729,10.787664890827562,668.1616461392834,0.6014492753623188,1.13118647695477,0.5783132530120482
logreg_a,5.0,5,UZS,wf_oos,0.8352431881843646,1.4789846015560404,787.3153495234853,0.5579710144927537,0.35284868318447515,0.4935064935064935
logreg_ab,5.0,5,AMD,wf_oos,0.8390697674418605,17.396702442820736,502.59026877000906,0.2898550724637681,1.3537689195789138,0.65
logreg_ab,5.0,5,KGS,wf_oos,0.7396758280479211,6.206494939581925,201.494958431212,0.2391304347826087,0.8315208923426772,0.5757575757575758
logreg_ab,5.0,5,KZT,wf_oos,0.477959927140255,17.92776239903363,579.367965173514,0.21739130434782608,1.09445347979372,0.4666666666666667
logreg_ab,5.0,5,TJS,wf_oos,1.213691026827012,16.347038937292332,725.9848112260414,0.34057971014492755,1.167317233994139,0.5957446808510638
logreg_ab,5.0,5,UZS,wf_oos,1.0718954248366013,17.469496738518874,156.93952389823738,0.1956521739130435,2.1456700096499577,0.4444444444444444
logreg_abc,5.0,5,AMD,wf_oos,,,,0.0,,
logreg_abc,5.0,5,KGS,wf_oos,,,,0.0,,
logreg_abc,5.0,5,KZT,wf_oos,,,,0.0,,
logreg_abc,5.0,5,TJS,wf_oos,1.901449275362319,77.4465412636771,270.15632920581953,0.021739130434782608,0.5948489808693498,0.3333333333333333
logreg_abc,5.0,5,UZS,wf_oos,,,,0.0,,
logreg_abcd,5.0,5,AMD,wf_oos,0.7959555106167846,19.05027315799065,425.9295499172418,0.3333333333333333,1.3426676573316587,0.5
logreg_abcd,5.0,5,KGS,wf_oos,0.5811738648947951,19.74248970897977,287.42077139752405,0.15217391304347827,0.8076616065745011,0.38095238095238093
logreg_abcd,5.0,5,KZT,wf_oos,1.0241998438719748,42.271266806339085,222.02749054855974,0.10144927536231885,1.5978052775962188,0.35714285714285715
logreg_abcd,5.0,5,TJS,wf_oos,1.380084151472651,47.254607330975674,364.86875716694846,0.2246376811594203,1.2625955459012883,0.5483870967741935
logreg_abcd,5.0,5,UZS,wf_oos,0.9379084967320263,29.006636745047135,317.11755047687643,0.17391304347826086,1.0941231614230742,0.5
momentum,,5,AMD,wf_oos,0.9256336556049125,98.50662503915375,594.0467605332311,0.644927536231884,2.740018054750169,0.4943820224719101
momentum,,5,KGS,wf_oos,0.7959555106167846,86.81696142742565,580.0784386578019,0.6666666666666666,2.9413031283069744,0.5217391304347826
momentum,,5,KZT,wf_oos,0.9815248503773094,94.1160341785648,560.6082156141459,0.6086956521739131,4.8052276520025226,0.4523809523809524
momentum,,5,TJS,wf_oos,0.6956521739130435,88.94957448103676,591.5868742732035,0.5942028985507246,2.049136075467912,0.5
momentum,,5,UZS,wf_oos,0.8445236680530799,99.40583394289926,593.701492114418,0.717391304347826,3.071749040080516,0.5050505050505051
random,,5,AMD,wf_oos,1.1107919837102131,14.338534799410517,521.0120331440462,1.5724637681159421,1.485849253852725,0.48847926267281105
random,,5,KGS,wf_oos,1.1424445152383986,9.549503273579479,476.054569749568,1.5869565217391304,1.2173038407811383,0.5068493150684932
random,,5,KZT,wf_oos,1.057486338797814,-3.5154036599943383,880.8314792201272,1.4492753623188406,0.40616407399606486,0.465
random,,5,TJS,wf_oos,0.8693792141362474,-3.7558543294815725,592.789645629465,1.355072463768116,1.2072062003220745,0.44919786096256686
random,,5,UZS,wf_oos,1.0718954248366013,-7.153717954775563,661.517686446361,1.5434782608695652,0.8285867072050331,0.5070422535211268
reversal,,5,AMD,wf_oos,0.9469125902165196,58.48747509131805,567.1063102988571,0.21014492753623187,1.3895546049574259,0.034482758620689655
reversal,,5,KGS,wf_oos,0.5085271317829457,28.924476182054775,570.96686287885,0.21739130434782608,0.5116962951232339,0.06666666666666667
reversal,,5,KZT,wf_oos,0.9776453055141578,42.15382364531248,726.5771358301009,0.2391304347826087,1.2726092524520227,0.030303030303030304
reversal,,5,TJS,wf_oos,1.018633540372671,57.51800922067603,575.6479847114038,0.2028985507246377,1.0401286605234816,0.03571428571428571
reversal,,5,UZS,wf_oos,0.6821152703505645,43.03886824643498,571.9589915306356,0.2391304347826087,0.6912283036043775,0.06060606060606061
seasonality,,5,AMD,wf_oos,0.7852257181942544,6.57618277222461,471.3853555821191,0.9855072463768116,1.0926584334140377,0.8382352941176471
seasonality,,5,KGS,wf_oos,0.913405421419049,1.8025968783971078,601.93420478076,1.1376811594202898,1.0755568803546225,0.8152866242038217
seasonality,,5,KZT,wf_oos,0.8325753569539925,-2.368997308284988,733.3737986022518,1.1231884057971016,0.9140121692441999,0.832258064516129
seasonality,,5,TJS,wf_oos,0.8859025032938077,6.893544165779982,611.124631727399,0.9565217391304348,1.1633348876811562,0.8333333333333334
seasonality,,5,UZS,wf_oos,1.087318380589646,5.743008799821035,732.6390213127199,1.0072463768115942,0.9471739807333935,0.8273381294964028
catboost_a,5.0,10,AMD,wf_oos,0.7043071870658077,42.58395004110069,821.1735645927849,0.6594202898550725,1.1418063240340683,0.6373626373626373
catboost_a,5.0,10,KGS,wf_oos,0.7246090343584676,25.308505586463145,872.5455629491158,0.7463768115942029,0.8949229113480837,0.6116504854368932
catboost_a,5.0,10,KZT,wf_oos,0.5745985401459854,37.8784235886269,889.2766090985399,0.7246376811594203,0.98229651902228,0.6
catboost_a,5.0,10,TJS,wf_oos,0.9939393939393938,40.33697598393865,910.7615019004363,0.717391304347826,0.9289847382347177,0.6464646464646465
catboost_a,5.0,10,UZS,wf_oos,0.7770345596432553,29.115516436923205,930.8152154239484,0.6666666666666666,0.8061391365509423,0.6195652173913043
catboost_ab,5.0,10,AMD,wf_oos,0.9081298766675057,45.76352049828979,717.16739971445,0.9927536231884058,1.2362419903378812,0.7956204379562044
catboost_ab,5.0,10,KGS,wf_oos,1.0008009458789426,35.73465863751478,719.7560846190256,1.1376811594202898,1.225527207074965,0.7707006369426752
catboost_ab,5.0,10,KZT,wf_oos,0.9848320132525754,53.432534613018966,561.1843971641792,1.0217391304347827,1.4983214093729786,0.7801418439716312
catboost_ab,5.0,10,TJS,wf_oos,0.8888888888888888,50.46814773803601,701.2036344312844,0.8913043478260869,1.1753852040794817,0.7560975609756098
catboost_ab,5.0,10,UZS,wf_oos,1.006861682918021,45.78067645854292,680.1464955256295,1.0289855072463767,1.0527385006218397,0.8098591549295775
catboost_abc,5.0,10,AMD,wf_oos,0.5385878489326764,-11.27737478647467,747.1082963385345,0.15217391304347827,0.9867245038653459,0.5714285714285714
catboost_abc,5.0,10,KGS,wf_oos,1.2708700246565692,36.25304691985834,498.37204917990925,0.2463768115942029,1.5982906850219454,0.6764705882352942
catboost_abc,5.0,10,KZT,wf_oos,2.394160583941606,97.57272701020291,363.80385860553366,0.08695652173913043,1.1146012009199289,0.6666666666666666
catboost_abc,5.0,10,TJS,wf_oos,1.150877192982456,24.98566643638286,455.72448122825904,0.13768115942028986,2.5076315074965856,0.5789473684210527
catboost_abc,5.0,10,UZS,wf_oos,0.9344729344729344,-0.409649404161742,594.3953630976562,0.1956521739130435,1.223810678074456,0.6666666666666666
catboost_abcd,5.0,10,AMD,wf_oos,0.8195902048975512,24.34656792190957,854.4061982290575,0.6666666666666666,1.0011197835851113,0.75
catboost_abcd,5.0,10,KGS,wf_oos,0.9510242672549638,20.652409519398923,849.1997096514106,0.6884057971014492,1.0193146489850926,0.6210526315789474
catboost_abcd,5.0,10,KZT,wf_oos,0.9250165892501659,19.79264152894651,886.4876796185266,0.6376811594202898,1.0287847467480962,0.625
catboost_abcd,5.0,10,TJS,wf_oos,0.95906432748538,49.81879288321028,908.8824501480635,0.5507246376811594,1.359748160567097,0.6578947368421053
catboost_abcd,5.0,10,UZS,wf_oos,1.0757304710793083,42.359950277349974,871.8362261431766,0.6231884057971014,1.1498812389738127,0.6744186046511628
level,,10,AMD,wf_oos,0.6417216923453166,67.76127087298987,891.1752430003786,1.0217391304347827,1.3545546142418223,0.8865248226950354
level,,10,KGS,wf_oos,0.6110445775116434,59.73625467419552,962.9880650599696,0.9782608695652174,1.0853803796049684,0.8888888888888888
level,,10,KZT,wf_oos,0.5026414485623261,46.65568287437142,976.5070938525616,1.3115942028985508,1.2500883034980645,0.8950276243093923
level,,10,TJS,wf_oos,0.857516339869281,106.30461561874976,996.7798523982068,0.6159420289855072,1.3250499998711072,0.9058823529411765
level,,10,UZS,wf_oos,0.5930309007232084,66.10268440846146,914.3950909167786,1.1304347826086956,1.359583105942535,0.8910256410256411
logreg_a,5.0,10,AMD,wf_oos,0.7158446093408992,41.584793864994644,797.8520489773166,0.572463768115942,0.9459943865646645,0.569620253164557
logreg_a,5.0,10,KGS,wf_oos,0.6789384194573815,10.149355251636637,909.9573378266898,0.5869565217391305,0.5891178469771444,0.5432098765432098
logreg_a,5.0,10,KZT,wf_oos,0.40383431536364434,20.480216332853693,998.6584329248402,0.6014492753623188,0.4998356327826033,0.46987951807228917
logreg_a,5.0,10,TJS,wf_oos,1.0099062918340027,36.3574060106847,910.7615019004363,0.6014492753623188,0.8105851395204786,0.5783132530120482
logreg_a,5.0,10,UZS,wf_oos,0.70995670995671,22.33809780870238,966.6138760595238,0.5579710144927537,0.5543636053802654,0.4935064935064935
logreg_ab,5.0,10,AMD,wf_oos,0.7540229885057471,33.41962422329492,593.2321979015942,0.2898550724637681,1.1271062500902804,0.65
logreg_ab,5.0,10,KGS,wf_oos,0.8332426056976955,22.621635894092847,249.5075183876305,0.2391304347826087,0.9199198145288013,0.5757575757575758
logreg_ab,5.0,10,KZT,wf_oos,0.31922141119221414,28.726963969875765,972.7079742155753,0.21739130434782608,0.48468261841812765,0.4666666666666667
logreg_ab,5.0,10,TJS,wf_oos,1.3182033096926713,44.48591184397529,754.9487658958952,0.34057971014492755,1.0916865378386473,0.5957446808510638
logreg_ab,5.0,10,UZS,wf_oos,0.9344729344729344,39.442949105931405,223.02193230107625,0.1956521739130435,1.979706221044628,0.4444444444444444
logreg_abc,5.0,10,AMD,wf_oos,,,,0.0,,
logreg_abc,5.0,10,KGS,wf_oos,,,,0.0,,
logreg_abc,5.0,10,KZT,wf_oos,,,,0.0,,
logreg_abc,5.0,10,TJS,wf_oos,1.2148148148148146,183.3975720453392,270.15632920581953,0.021739130434782608,1.1358219597473806,0.3333333333333333
logreg_abc,5.0,10,UZS,wf_oos,,,,0.0,,
logreg_abcd,5.0,10,AMD,wf_oos,0.8195902048975512,32.907953833711375,784.8866942018791,0.3333333333333333,0.9099818145186215,0.5
logreg_abcd,5.0,10,KGS,wf_oos,0.7482178500142571,50.626223994101856,580.5930020265725,0.15217391304347827,0.9099525642129892,0.38095238095238093
logreg_abcd,5.0,10,KZT,wf_oos,1.0260688216892597,59.594333873813866,320.3358439313497,0.10144927536231885,3.650452091860594,0.35714285714285715
logreg_abcd,5.0,10,TJS,wf_oos,1.6458781362007167,87.10506279555425,972.1210902142208,0.2246376811594203,0.922036796743415,0.5483870967741935
logreg_abcd,5.0,10,UZS,wf_oos,1.2264957264957266,60.12234274334005,639.9215662665503,0.17391304347826086,1.067846792342374,0.5
momentum,,10,AMD,wf_oos,1.0590210512721168,121.41196217883096,800.7422915898528,0.644927536231884,2.649270206379975,0.4943820224719101
momentum,,10,KGS,wf_oos,0.8539442853423588,102.37891952099038,810.8819007825003,0.6666666666666666,3.0281520619368143,0.5217391304347826
momentum,,10,KZT,wf_oos,1.1400764685436218,108.85073689201529,805.0391879819339,0.6086956521739131,3.411804277115389,0.4523809523809524
momentum,,10,TJS,wf_oos,0.8444444444444444,114.45497702698329,823.8897424855004,0.5942028985507246,2.3148036306754594,0.5
momentum,,10,UZS,wf_oos,0.976948976948977,110.71085168321277,811.6437167860638,0.717391304347826,2.9099871895887186,0.5050505050505051
random,,10,AMD,wf_oos,1.1292971026007732,21.77344028898506,791.576804989573,1.5724637681159421,1.206679500815042,0.48847926267281105
random,,10,KGS,wf_oos,1.2017608618379678,14.128912053665386,715.0910883369417,1.5869565217391304,1.1738813065515732,0.5068493150684932
random,,10,KZT,wf_oos,1.1252554744525547,2.880134062203623,1017.5258046202482,1.4492753623188406,0.8046667556117232,0.465
random,,10,TJS,wf_oos,0.8185383244206773,-6.364754870302161,873.9333309174414,1.355072463768116,1.1118103785172158,0.44919786096256686
random,,10,UZS,wf_oos,1.0660888407367282,-6.548810833466457,915.7086584987919,1.5434782608695652,0.896980123879112,0.5070422535211268
reversal,,10,AMD,wf_oos,0.6500198176773683,111.59552856100017,672.578022988024,0.21014492753623187,1.208292716011777,0.034482758620689655
reversal,,10,KGS,wf_oos,0.39281437125748503,73.37889203082425,836.9890063022856,0.21739130434782608,0.5585107734681652,0.06666666666666667
reversal,,10,KZT,wf_oos,0.7255032072550321,96.62459744399273,972.7079742155753,0.2391304347826087,0.783567835804652,0.030303030303030304
reversal,,10,TJS,wf_oos,0.7809523809523808,114.16683892209758,843.197359394946,0.2028985507246377,1.1768971529637757,0.03571428571428571
reversal,,10,UZS,wf_oos,0.5097125097125097,92.43274887513698,775.5683375119182,0.2391304347826087,0.895372056320153,0.06060606060606061
seasonality,,10,AMD,wf_oos,0.7762001352265043,5.711803961791659,838.5944015208935,0.9855072463768116,1.0588994568533179,0.8382352941176471
seasonality,,10,KGS,wf_oos,0.8757008276440749,7.571932554430636,843.3359466384163,1.1376811594202898,1.0989105772573056,0.8152866242038217
seasonality,,10,KZT,wf_oos,0.679632681893101,13.613562348480935,976.5667825005567,1.1231884057971016,0.9243702308684687,0.832258064516129
seasonality,,10,TJS,wf_oos,0.8835016835016835,23.915696322632623,875.1296687007658,0.9565217391304348,0.9712997202077591,0.8333333333333334
seasonality,,10,UZS,wf_oos,0.9680870688064933,13.836068350050331,910.6377462640969,1.0072463768115942,1.0811694202972788,0.8273381294964028
catboost_a,5.0,20,AMD,wf_oos,0.5149136577708007,44.66390805616051,1037.4200103811413,0.6594202898550725,1.5419172713290077,0.6373626373626373
catboost_a,5.0,20,KGS,wf_oos,0.5789938217122683,30.052438417586657,1093.7951596753935,0.7463768115942029,1.1067733709392316,0.6116504854368932
catboost_a,5.0,20,KZT,wf_oos,0.5845544554455445,38.135554791610936,1138.1140693184288,0.7246376811594203,0.997360445043408,0.6
catboost_a,5.0,20,TJS,wf_oos,0.9035812672176309,47.785940695041276,1162.3040635446782,0.717391304347826,1.0506134758656362,0.6464646464646465
catboost_a,5.0,20,UZS,wf_oos,0.3819875776397515,23.2851961977622,1147.7628234034962,0.6666666666666666,0.6902044572673492,0.6195652173913043
catboost_ab,5.0,20,AMD,wf_oos,0.9234619395203337,41.831245560270816,775.6345913039817,0.9927536231884058,1.1384324049511465,0.7956204379562044
catboost_ab,5.0,20,KGS,wf_oos,0.917969503956765,27.80581463467769,752.5389918977171,1.1376811594202898,1.17614796857895,0.7707006369426752
catboost_ab,5.0,20,KZT,wf_oos,1.0594761603819958,47.26851728078582,592.293484618576,1.0217391304347827,1.5156754382885966,0.7801418439716312
catboost_ab,5.0,20,TJS,wf_oos,1.01010101010101,64.39751400296255,758.8785816082165,0.8913043478260869,1.2201699963186199,0.7560975609756098
catboost_ab,5.0,20,UZS,wf_oos,0.8661971830985915,37.37138656836733,800.954677546445,1.0289855072463767,1.190755187005852,0.8098591549295775
catboost_abc,5.0,20,AMD,wf_oos,0.6693877551020408,-47.263813252071905,779.0689153309693,0.15217391304347827,0.9243968534033539,0.5714285714285714
catboost_abc,5.0,20,KGS,wf_oos,1.4616755793226381,12.95581400928326,735.626405030846,0.2463768115942029,1.347503323779192,0.6764705882352942
catboost_abc,5.0,20,KZT,wf_oos,2.165016501650165,63.02040580835175,363.80385860553366,0.08695652173913043,1.159528989122776,0.6666666666666666
catboost_abc,5.0,20,TJS,wf_oos,1.5693779904306218,-13.801897541131417,760.202210508909,0.13768115942028986,1.3142188735646936,0.5789473684210527
catboost_abc,5.0,20,UZS,wf_oos,1.0846560846560844,-34.86642496783501,787.5998007757667,0.1956521739130435,1.2055146617835915,0.6666666666666666
catboost_abcd,5.0,20,AMD,wf_oos,0.8149068322981367,31.585800887206457,886.5597027196736,0.6666666666666666,0.9982076968601552,0.75
catboost_abcd,5.0,20,KGS,wf_oos,0.9939393939393939,39.67893597472,886.255621596415,0.6884057971014492,1.0079078152196916,0.6210526315789474
catboost_abcd,5.0,20,KZT,wf_oos,1.0333033303330332,32.40181952808114,933.3983959975919,0.6376811594202898,1.1573429798996129,0.625
catboost_abcd,5.0,20,TJS,wf_oos,1.1116427432216904,81.30210529396334,971.2528076703879,0.5507246376811594,1.2030195862040818,0.6578947368421053
catboost_abcd,5.0,20,UZS,wf_oos,1.021594684385382,59.38970436054235,980.1297322747108,0.6231884057971014,1.0559074089252347,0.6744186046511628
level,,20,AMD,wf_oos,0.5317122593718339,120.3249699618667,1060.9117429451658,1.0217391304347827,1.5752081101723008,0.8865248226950354
level,,20,KGS,wf_oos,0.625813692480359,108.15560226790018,1163.9337042447055,0.9782608695652174,1.3338335369491712,0.8888888888888888
level,,20,KZT,wf_oos,0.3588425140856627,73.81318163682793,1055.2785872837255,1.3115942028985508,1.4612204024234998,0.8950276243093923
level,,20,TJS,wf_oos,0.8185383244206773,178.0084279324819,1241.2975390762385,0.6159420289855072,1.74090894499777,0.9058823529411765
level,,20,UZS,wf_oos,0.6007326007326007,119.3622352995328,1081.8287528890319,1.1304347826086956,1.3403264329388727,0.8910256410256411
logreg_a,5.0,20,AMD,wf_oos,0.5338155515370705,60.66525462342714,1059.156209453117,0.572463768115942,1.341332079467001,0.569620253164557
logreg_a,5.0,20,KGS,wf_oos,0.613542835765058,29.734383130469705,1144.761025247891,0.5869565217391305,0.8477447992975345,0.5432098765432098
logreg_a,5.0,20,KZT,wf_oos,0.3912680424668973,31.164314805411625,1126.0643406313172,0.6014492753623188,0.7155645956457588,0.46987951807228917
logreg_a,5.0,20,TJS,wf_oos,1.017889740781307,64.43799854663087,1162.3040635446782,0.6014492753623188,1.0419680127502087,0.5783132530120482
logreg_a,5.0,20,UZS,wf_oos,0.3803339517625231,36.22237529762297,1177.9814534030243,0.5579710144927537,0.5760374130640916,0.4935064935064935
logreg_ab,5.0,20,AMD,wf_oos,0.82,47.28070037172527,914.6636819804278,0.2898550724637681,1.0797542521429428,0.65
logreg_ab,5.0,20,KGS,wf_oos,0.6023875114784205,41.405101757100375,794.6129155634618,0.2391304347826087,0.6310512190292649,0.5757575757575758
logreg_ab,5.0,20,KZT,wf_oos,0.2165016501650165,21.155398281978652,1259.0691667729016,0.21739130434782608,0.254598163581761,0.4666666666666667
logreg_ab,5.0,20,TJS,wf_oos,1.2688588007736943,68.4336834996499,780.8112935200073,0.34057971014492755,0.9854517219404432,0.5957446808510638
logreg_ab,5.0,20,UZS,wf_oos,0.6507936507936507,52.86486525485771,609.9320705035639,0.1956521739130435,0.9767165441996408,0.4444444444444444
logreg_abc,5.0,20,AMD,wf_oos,,,,0.0,,
logreg_abc,5.0,20,KGS,wf_oos,,,,0.0,,
logreg_abc,5.0,20,KZT,wf_oos,,,,0.0,,
logreg_abc,5.0,20,TJS,wf_oos,1.6565656565656564,257.9555185189886,812.9538368701606,0.021739130434782608,2.114009783552947,0.3333333333333333
logreg_abc,5.0,20,UZS,wf_oos,,,,0.0,,
logreg_abcd,5.0,20,AMD,wf_oos,0.9167701863354037,47.23891582292916,1198.870694300367,0.3333333333333333,0.7624743493511732,0.5
logreg_abcd,5.0,20,KGS,wf_oos,0.9466089466089465,64.82406926358645,1046.2335037102278,0.15217391304347827,0.8752410988185757,0.38095238095238093
logreg_abcd,5.0,20,KZT,wf_oos,0.9278642149929278,23.01740700994291,1314.7174078118162,0.10144927536231885,0.7294464022739658,0.35714285714285715
logreg_abcd,5.0,20,TJS,wf_oos,1.7634408602150538,125.8621767626538,1104.403444255876,0.2246376811594203,1.0396616647715686,0.5483870967741935
logreg_abcd,5.0,20,UZS,wf_oos,1.4642857142857142,85.68797070498117,1075.494008902802,0.17391304347826086,0.8608982210842608,0.5
momentum,,20,AMD,wf_oos,0.9476725521669341,123.86821328272514,1121.1363777013853,0.644927536231884,2.193730605281044,0.4943820224719101
momentum,,20,KGS,wf_oos,0.8102766798418972,100.91609029339314,947.465071739964,0.6666666666666666,5.7856660177844805,0.5217391304347826
momentum,,20,KZT,wf_oos,0.9278642149929278,99.68274586385871,951.3771996183395,0.6086956521739131,3.2835865405097358,0.4523809523809524
momentum,,20,TJS,wf_oos,0.9090909090909091,113.88827409258093,952.4297624143961,0.5942028985507246,4.492443070796451,0.5
momentum,,20,UZS,wf_oos,0.8874458874458874,96.57528601744662,934.8710699755331,0.717391304347826,6.704024207908311,0.5050505050505051
random,,20,AMD,wf_oos,1.144437129690586,29.34609346066277,990.7662393429914,1.5724637681159421,1.4783527513839505,0.48847926267281105
random,,20,KGS,wf_oos,1.2027120520271204,16.838579695561716,942.6934376058628,1.5869565217391304,1.5427248453335458,0.5068493150684932
random,,20,KZT,wf_oos,1.169108910891089,9.57188048942671,1107.5720486815765,1.4492753623188406,1.0984435257548693,0.465
random,,20,TJS,wf_oos,0.8504294279695348,-3.5422386173136755,1333.3039215515046,1.355072463768116,0.8828731908272003,0.44919786096256686
random,,20,UZS,wf_oos,1.0724346076458753,-6.641839417438919,1103.9419415351454,1.5434782608695652,1.4535218130930563,0.5070422535211268
reversal,,20,AMD,wf_oos,0.32315270935960594,135.89257611130117,1133.8714585303069,0.21014492753623187,0.700189433394056,0.034482758620689655
reversal,,20,KGS,wf_oos,0.49696969696969695,103.63347462653452,1314.4626193685017,0.21739130434782608,1.1355119715632795,0.06666666666666667
reversal,,20,KZT,wf_oos,0.5904590459045905,115.84645904683954,1259.0691667729016,0.2391304347826087,0.9455248323094447,0.030303030303030304
reversal,,20,TJS,wf_oos,0.7099567099567099,141.00296397736219,1310.458595325924,0.2028985507246377,1.6405523611802701,0.03571428571428571
reversal,,20,UZS,wf_oos,0.5324675324675324,126.76624240737868,1249.6595490128593,0.2391304347826087,1.1726426314727616,0.06060606060606061
seasonality,,20,AMD,wf_oos,0.792436974789916,11.958330359690304,1026.4670802415328,0.9855072463768116,1.3545523178297991,0.8382352941176471
seasonality,,20,KGS,wf_oos,0.7280447790001929,11.42304715589577,870.791521854149,1.1376811594202898,1.0067113476745386,0.8152866242038217
seasonality,,20,KZT,wf_oos,0.5447460875119771,14.54907393429683,989.5553262528911,1.1231884057971016,0.770662291518662,0.832258064516129
seasonality,,20,TJS,wf_oos,0.9035812672176309,51.76592612270513,917.9208776156785,0.9565217391304348,0.9404267362219457,0.8333333333333334
seasonality,,20,UZS,wf_oos,0.7163412127440903,13.728833912044593,967.1539423519683,1.0072463768115942,0.9252415480807122,0.8273381294964028
